,datetime
212062,2023-04-27 12:56:59
212063,2023-04-27 12:57:00
212064,2023-04-27 12:57:01
212065,2023-04-27 12:57:02
212066,2023-04-27 12:57:03
212067,2023-04-27 12:57:04
212068,2023-04-27 12:57:05
212069,2023-04-27 12:57:07
212070,2023-04-27 12:57:08
212071,2023-04-27 12:57:09
212072,2023-04-27 12:57:10
212073,2023-04-27 12:57:11
212074,2023-04-27 12:57:12
212075,2023-04-27 12:57:13
212076,2023-04-27 12:57:14
212077,2023-04-27 12:57:16
212078,2023-04-27 12:57:17
212079,2023-04-27 12:57:18
212080,2023-04-27 12:57:19
212081,2023-04-27 12:57:20
212082,2023-04-27 12:57:21
212083,2023-04-27 12:57:22
212084,2023-04-27 12:57:23
212085,2023-04-27 12:57:25
212086,2023-04-27 12:57:26
212087,2023-04-27 12:57:27
212088,2023-04-27 12:57:28
212089,2023-04-27 12:57:29
212090,2023-04-27 12:57:30
212091,2023-04-27 12:57:31
212092,2023-04-27 12:57:33
212093,2023-04-27 12:57:34
212094,2023-04-27 12:57:35
212095,2023-04-27 12:57:36
212096,2023-04-27 12:57:37
212097,2023-04-27 12:57:38
212098,2023-04-27 12:57:39
212099,2023-04-27 12:57:40
212100,2023-04-27 12:57:42
212101,2023-04-27 12:57:43
212102,2023-04-27 12:57:44
212103,2023-04-27 12:57:45
212104,2023-04-27 12:57:46
212105,2023-04-27 12:57:47
212106,2023-04-27 12:57:48
212107,2023-04-27 12:57:49
212108,2023-04-27 12:57:51
212109,2023-04-27 12:57:52
212110,2023-04-27 12:57:53
212111,2023-04-27 12:57:54
212112,2023-04-27 12:57:55
212113,2023-04-27 12:57:56
212114,2023-04-27 12:57:57
212115,2023-04-27 12:57:59
212116,2023-04-27 12:58:00
212117,2023-04-27 12:58:01
212118,2023-04-27 12:58:02
212119,2023-04-27 12:58:03
212120,2023-04-27 12:58:04
212121,2023-04-27 12:58:05
212122,2023-04-27 12:58:06
212123,2023-04-27 12:58:08
212124,2023-04-27 12:58:09
212125,2023-04-27 12:58:10
212126,2023-04-27 12:58:11
212127,2023-04-27 12:58:12
212128,2023-04-27 12:58:13
212129,2023-04-27 12:58:14
212130,2023-04-27 12:58:16
212131,2023-04-27 12:58:17
212132,2023-04-27 12:58:18
212133,2023-04-27 12:58:19
212134,2023-04-27 12:58:20
212135,2023-04-27 12:58:21
212136,2023-04-27 12:58:22
212137,2023-04-27 12:58:23
212138,2023-04-27 12:58:25
212139,2023-04-27 12:58:26
212140,2023-04-27 12:58:27
212141,2023-04-27 12:58:28
212142,2023-04-27 12:58:29
212143,2023-04-27 12:58:30
212144,2023-04-27 12:58:31
212145,2023-04-27 12:58:32
212146,2023-04-27 12:58:34
212147,2023-04-27 12:58:35
212148,2023-04-27 12:58:36
212149,2023-04-27 12:58:37
212150,2023-04-27 12:58:38
212151,2023-04-27 12:58:39
212152,2023-04-27 12:58:40
212153,2023-04-27 12:58:42
212154,2023-04-27 12:58:43
212155,2023-04-27 12:58:44
212156,2023-04-27 12:58:45
212157,2023-04-27 12:58:46
212158,2023-04-27 12:58:47
212159,2023-04-27 12:58:48
212160,2023-04-27 12:58:49
212161,2023-04-27 12:58:51
212162,2023-04-27 12:58:52
212163,2023-04-27 12:58:53
212164,2023-04-27 12:58:54
212165,2023-04-27 12:58:55
212166,2023-04-27 12:58:56
212167,2023-04-27 12:58:57
212168,2023-04-27 12:58:58
212169,2023-04-27 12:59:00
212170,2023-04-27 12:59:01
212171,2023-04-27 12:59:02
212172,2023-04-27 12:59:03
212173,2023-04-27 12:59:04
212174,2023-04-27 12:59:05
212175,2023-04-27 12:59:06
212176,2023-04-27 12:59:08
212177,2023-04-27 12:59:09
212178,2023-04-27 12:59:10
212179,2023-04-27 12:59:11
212180,2023-04-27 12:59:12
212181,2023-04-27 12:59:13
212182,2023-04-27 12:59:14
212183,2023-04-27 12:59:15
212184,2023-04-27 12:59:17
212185,2023-04-27 12:59:18
212186,2023-04-27 12:59:19
212187,2023-04-27 12:59:20
212188,2023-04-27 12:59:21
212189,2023-04-27 12:59:22
212190,2023-04-27 12:59:23
212191,2023-04-27 12:59:25
212192,2023-04-27 12:59:26
212193,2023-04-27 12:59:27
212194,2023-04-27 12:59:28
212195,2023-04-27 12:59:29
212196,2023-04-27 12:59:30
212197,2023-04-27 12:59:31
212198,2023-04-27 12:59:32
212199,2023-04-27 12:59:34
212200,2023-04-27 12:59:35
212201,2023-04-27 12:59:36
212202,2023-04-27 12:59:37
212203,2023-04-27 12:59:38
212204,2023-04-27 12:59:39
212205,2023-04-27 12:59:40
212206,2023-04-27 12:59:41
212207,2023-04-27 12:59:43
212208,2023-04-27 12:59:44
212209,2023-04-27 12:59:45
212210,2023-04-27 12:59:46
212211,2023-04-27 12:59:47
212212,2023-04-27 12:59:48
212213,2023-04-27 12:59:49
212214,2023-04-27 12:59:51
212215,2023-04-27 12:59:52
212216,2023-04-27 12:59:53
212217,2023-04-27 12:59:54
212218,2023-04-27 12:59:55
212219,2023-04-27 12:59:56
212220,2023-04-27 12:59:57
212221,2023-04-27 12:59:58
212222,2023-04-27 13:00:00
212223,2023-04-27 13:00:01
212224,2023-04-27 13:00:02
212225,2023-04-27 13:00:03
212226,2023-04-27 13:00:04
212227,2023-04-27 13:00:05
212228,2023-04-27 13:00:06
212229,2023-04-27 13:00:07
212230,2023-04-27 13:00:09
212231,2023-04-27 13:00:10
212232,2023-04-27 13:00:11
212233,2023-04-27 13:00:12
212234,2023-04-27 13:00:13
212235,2023-04-27 13:00:14
212236,2023-04-27 13:00:15
212237,2023-04-27 13:00:17
212238,2023-04-27 13:00:18
212239,2023-04-27 13:00:19
212240,2023-04-27 13:00:20
212241,2023-04-27 13:00:21
212242,2023-04-27 13:00:22
212243,2023-04-27 13:00:23
212244,2023-04-27 13:00:24
212245,2023-04-27 13:00:26
212246,2023-04-27 13:00:27
212247,2023-04-27 13:00:28
212248,2023-04-27 13:00:29
212249,2023-04-27 13:00:30
212250,2023-04-27 13:00:31
212251,2023-04-27 13:00:32
212252,2023-04-27 13:00:33
212253,2023-04-27 13:00:35
212254,2023-04-27 13:00:36
212255,2023-04-27 13:00:37
212256,2023-04-27 13:00:38
212257,2023-04-27 13:00:39
212258,2023-04-27 13:00:40
212259,2023-04-27 13:00:41
212260,2023-04-27 13:00:43
212261,2023-04-27 13:00:44
212262,2023-04-27 13:00:45
212263,2023-04-27 13:00:46
212264,2023-04-27 13:00:47
212265,2023-04-27 13:00:48
212266,2023-04-27 13:00:49
212267,2023-04-27 13:00:50
212268,2023-04-27 13:00:52
212269,2023-04-27 13:00:53
212270,2023-04-27 13:00:54
212271,2023-04-27 13:00:55
212272,2023-04-27 13:00:56
212273,2023-04-27 13:00:57
212274,2023-04-27 13:00:58
212275,2023-04-27 13:01:00
212276,2023-04-27 13:01:01
212277,2023-04-27 13:01:02
212278,2023-04-27 13:01:03
212279,2023-04-27 13:01:04
212280,2023-04-27 13:01:05
212281,2023-04-27 13:01:06
212282,2023-04-27 13:01:07
212283,2023-04-27 13:01:09
212284,2023-04-27 13:01:10
212285,2023-04-27 13:01:11
212286,2023-04-27 13:01:12
212287,2023-04-27 13:01:13
212288,2023-04-27 13:01:14
212289,2023-04-27 13:01:15
212290,2023-04-27 13:01:16
212291,2023-04-27 13:01:18
212292,2023-04-27 13:01:19
212293,2023-04-27 13:01:20
212294,2023-04-27 13:01:21
212295,2023-04-27 13:01:22
212296,2023-04-27 13:01:23
212297,2023-04-27 13:01:24
212298,2023-04-27 13:01:26
212299,2023-04-27 13:01:27
212300,2023-04-27 13:01:28
212301,2023-04-27 13:01:29
212302,2023-04-27 13:01:30
212303,2023-04-27 13:01:31
212304,2023-04-27 13:01:32
212305,2023-04-27 13:01:33
212306,2023-04-27 13:01:35
212307,2023-04-27 13:01:36
212308,2023-04-27 13:01:37
212309,2023-04-27 13:01:38
212310,2023-04-27 13:01:39
212311,2023-04-27 13:01:40
212312,2023-04-27 13:01:41
212313,2023-04-27 13:01:42
212314,2023-04-27 13:01:44
212315,2023-04-27 13:01:45
212316,2023-04-27 13:01:46
212317,2023-04-27 13:01:47
212318,2023-04-27 13:01:48
212319,2023-04-27 13:01:49
212320,2023-04-27 13:01:50
212321,2023-04-27 13:01:52
212322,2023-04-27 13:01:53
212323,2023-04-27 13:01:54
212324,2023-04-27 13:01:55
212325,2023-04-27 13:01:56
212326,2023-04-27 13:01:57
212327,2023-04-27 13:01:58
212328,2023-04-27 13:01:59
212329,2023-04-27 13:02:01
212330,2023-04-27 13:02:02
212331,2023-04-27 13:02:03
212332,2023-04-27 13:02:04
212333,2023-04-27 13:02:05
212334,2023-04-27 13:02:06
212335,2023-04-27 13:02:07
212336,2023-04-27 13:02:08
212337,2023-04-27 13:02:10
212338,2023-04-27 13:02:11
212339,2023-04-27 13:02:12
212340,2023-04-27 13:02:13
212341,2023-04-27 13:02:14
212342,2023-04-27 13:02:15
212343,2023-04-27 13:02:16
212344,2023-04-27 13:02:18
212345,2023-04-27 13:02:19
212346,2023-04-27 13:02:20
212347,2023-04-27 13:02:21
212348,2023-04-27 13:02:22
212349,2023-04-27 13:02:23
212350,2023-04-27 13:02:24
212351,2023-04-27 13:02:25
212352,2023-04-27 13:02:27
212353,2023-04-27 13:02:28
212354,2023-04-27 13:02:29
212355,2023-04-27 13:02:30
212356,2023-04-27 13:02:31
212357,2023-04-27 13:02:32
212358,2023-04-27 13:02:33
212359,2023-04-27 13:02:35
212360,2023-04-27 13:02:36
212361,2023-04-27 13:02:37
212362,2023-04-27 13:02:38
212363,2023-04-27 13:02:39
212364,2023-04-27 13:02:40
212365,2023-04-27 13:02:41
212366,2023-04-27 13:02:42
212367,2023-04-27 13:02:44
212368,2023-04-27 13:02:45
212369,2023-04-27 13:02:46
212370,2023-04-27 13:02:47
212371,2023-04-27 13:02:48
212372,2023-04-27 13:02:49
212373,2023-04-27 13:02:50
212374,2023-04-27 13:02:51
212375,2023-04-27 13:02:53
212376,2023-04-27 13:02:54
212377,2023-04-27 13:02:55
212378,2023-04-27 13:02:56
212379,2023-04-27 13:02:57
212380,2023-04-27 13:02:58
212381,2023-04-27 13:02:59
212382,2023-04-27 13:03:01
212383,2023-04-27 13:03:02
212384,2023-04-27 13:03:03
212385,2023-04-27 13:03:04
212386,2023-04-27 13:03:05
212387,2023-04-27 13:03:06
212388,2023-04-27 13:03:07
212389,2023-04-27 13:03:08
212390,2023-04-27 13:03:10
212391,2023-04-27 13:03:11
212392,2023-04-27 13:03:12
212393,2023-04-27 13:03:13
212394,2023-04-27 13:03:14
212395,2023-04-27 13:03:15
212396,2023-04-27 13:03:16
212397,2023-04-27 13:03:17
212398,2023-04-27 13:03:19
212399,2023-04-27 13:03:20
212400,2023-04-27 13:03:21
212401,2023-04-27 13:03:22
212402,2023-04-27 13:03:23
212403,2023-04-27 13:03:24
212404,2023-04-27 13:03:25
212405,2023-04-27 13:03:27
212406,2023-04-27 13:03:28
212407,2023-04-27 13:03:29
212408,2023-04-27 13:03:30
212409,2023-04-27 13:03:31
212410,2023-04-27 13:03:32
212411,2023-04-27 13:03:33
212412,2023-04-27 13:03:34
212413,2023-04-27 13:03:36
212414,2023-04-27 13:03:37
212415,2023-04-27 13:03:38
212416,2023-04-27 13:03:39
212417,2023-04-27 13:03:40
212418,2023-04-27 13:03:41
212419,2023-04-27 13:03:42
212420,2023-04-27 13:03:43
212421,2023-04-27 13:03:45
212422,2023-04-27 13:03:46
212423,2023-04-27 13:03:47
212424,2023-04-27 13:03:48
212425,2023-04-27 13:03:49
212426,2023-04-27 13:03:50
212427,2023-04-27 13:03:51
212428,2023-04-27 13:03:53
212429,2023-04-27 13:03:54
212430,2023-04-27 13:03:55
212431,2023-04-27 13:03:56
212432,2023-04-27 13:03:57
212433,2023-04-27 13:03:58
212434,2023-04-27 13:03:59
212435,2023-04-27 13:04:00
212436,2023-04-27 13:04:02
212437,2023-04-27 13:04:03
212438,2023-04-27 13:04:04
212439,2023-04-27 13:04:05
212440,2023-04-27 13:04:06
212441,2023-04-27 13:04:07
212442,2023-04-27 13:04:08
212443,2023-04-27 13:04:10
212444,2023-04-27 13:04:11
212445,2023-04-27 13:04:12
212446,2023-04-27 13:04:13
212447,2023-04-27 13:04:14
212448,2023-04-27 13:04:15
212449,2023-04-27 13:04:16
212450,2023-04-27 13:04:17
212451,2023-04-27 13:04:19
212452,2023-04-27 13:04:20
212453,2023-04-27 13:04:21
212454,2023-04-27 13:04:22
212455,2023-04-27 13:04:23
212456,2023-04-27 13:04:24
212457,2023-04-27 13:04:25
212458,2023-04-27 13:04:26
212459,2023-04-27 13:04:28
212460,2023-04-27 13:04:29
212461,2023-04-27 13:04:30
212462,2023-04-27 13:04:31
212463,2023-04-27 13:04:32
212464,2023-04-27 13:04:33
212465,2023-04-27 13:04:34
212466,2023-04-27 13:04:36
212467,2023-04-27 13:04:37
212468,2023-04-27 13:04:38
212469,2023-04-27 13:04:39
212470,2023-04-27 13:04:40
212471,2023-04-27 13:04:41
212472,2023-04-27 13:04:42
212473,2023-04-27 13:04:43
212474,2023-04-27 13:04:45
212475,2023-04-27 13:04:46
212476,2023-04-27 13:04:47
212477,2023-04-27 13:04:48
212478,2023-04-27 13:04:49
212479,2023-04-27 13:04:50
212480,2023-04-27 13:04:51
212481,2023-04-27 13:04:52
212482,2023-04-27 13:04:54
212483,2023-04-27 13:04:55
212484,2023-04-27 13:04:56
212485,2023-04-27 13:04:57
212486,2023-04-27 13:04:58
212487,2023-04-27 13:04:59
212488,2023-04-27 13:05:00
212489,2023-04-27 13:05:02
212490,2023-04-27 13:05:03
212491,2023-04-27 13:05:04
212492,2023-04-27 13:05:05
212493,2023-04-27 13:05:06
212494,2023-04-27 13:05:07
212495,2023-04-27 13:05:08
212496,2023-04-27 13:05:09
212497,2023-04-27 13:05:11
212498,2023-04-27 13:05:12
212499,2023-04-27 13:05:13
212500,2023-04-27 13:05:14
212501,2023-04-27 13:05:15
212502,2023-04-27 13:05:16
212503,2023-04-27 13:05:17
212504,2023-04-27 13:05:18
212505,2023-04-27 13:05:20
212506,2023-04-27 13:05:21
212507,2023-04-27 13:05:22
212508,2023-04-27 13:05:23
212509,2023-04-27 13:05:24
212510,2023-04-27 13:05:25
212511,2023-04-27 13:05:26
212512,2023-04-27 13:05:28
212513,2023-04-27 13:05:29
212514,2023-04-27 13:05:30
212515,2023-04-27 13:05:31
212516,2023-04-27 13:05:32
212517,2023-04-27 13:05:33
212518,2023-04-27 13:05:34
212519,2023-04-27 13:05:35
212520,2023-04-27 13:05:37
212521,2023-04-27 13:05:38
212522,2023-04-27 13:05:39
212523,2023-04-27 13:05:40
212524,2023-04-27 13:05:41
212525,2023-04-27 13:05:42
212526,2023-04-27 13:05:43
212527,2023-04-27 13:05:45
212528,2023-04-27 13:05:46
212529,2023-04-27 13:05:47
212530,2023-04-27 13:05:48
212531,2023-04-27 13:05:49
212532,2023-04-27 13:05:50
212533,2023-04-27 13:05:51
212534,2023-04-27 13:05:52
212535,2023-04-27 13:05:54
212536,2023-04-27 13:05:55
212537,2023-04-27 13:05:56
212538,2023-04-27 13:05:57
212539,2023-04-27 13:05:58
212540,2023-04-27 13:05:59
212541,2023-04-27 13:06:00
212542,2023-04-27 13:06:01
212543,2023-04-27 13:06:03
212544,2023-04-27 13:06:04
212545,2023-04-27 13:06:05
212546,2023-04-27 13:06:06
212547,2023-04-27 13:06:07
212548,2023-04-27 13:06:08
212549,2023-04-27 13:06:09
212550,2023-04-27 13:06:11
212551,2023-04-27 13:06:12
212552,2023-04-27 13:06:13
212553,2023-04-27 13:06:14
212554,2023-04-27 13:06:15
212555,2023-04-27 13:06:16
212556,2023-04-27 13:06:17
212557,2023-04-27 13:06:18
212558,2023-04-27 13:06:20
212559,2023-04-27 13:06:21
212560,2023-04-27 13:06:22
212561,2023-04-27 13:06:23
212562,2023-04-27 13:06:24
212563,2023-04-27 13:06:25
212564,2023-04-27 13:06:26
212565,2023-04-27 13:06:27
212566,2023-04-27 13:06:29
212567,2023-04-27 13:06:30
212568,2023-04-27 13:06:31
212569,2023-04-27 13:06:32
212570,2023-04-27 13:06:33
212571,2023-04-27 13:06:34
212572,2023-04-27 13:06:35
212573,2023-04-27 13:06:37
212574,2023-04-27 13:06:38
212575,2023-04-27 13:06:39
212576,2023-04-27 13:06:40
212577,2023-04-27 13:06:41
212578,2023-04-27 13:06:42
212579,2023-04-27 13:06:43
212580,2023-04-27 13:06:44
212581,2023-04-27 13:06:46
212582,2023-04-27 13:06:47
212583,2023-04-27 13:06:48
212584,2023-04-27 13:06:49
212585,2023-04-27 13:06:50
212586,2023-04-27 13:06:51
212587,2023-04-27 13:06:52
212588,2023-04-27 13:06:53
212589,2023-04-27 13:06:55
212590,2023-04-27 13:06:56
212591,2023-04-27 13:06:57
212592,2023-04-27 13:06:58
212593,2023-04-27 13:06:59
212594,2023-04-27 13:07:00
212595,2023-04-27 13:07:01
212596,2023-04-27 13:07:03
212597,2023-04-27 13:07:04
212598,2023-04-27 13:07:05
212599,2023-04-27 13:07:06
212600,2023-04-27 13:07:07
212601,2023-04-27 13:07:08
212602,2023-04-27 13:07:09
212603,2023-04-27 13:07:10
212604,2023-04-27 13:07:12
212605,2023-04-27 13:07:13
212606,2023-04-27 13:07:14
212607,2023-04-27 13:07:15
212608,2023-04-27 13:07:16
212609,2023-04-27 13:07:17
212610,2023-04-27 13:07:18
212611,2023-04-27 13:07:20
212612,2023-04-27 13:07:21
212613,2023-04-27 13:07:22
212614,2023-04-27 13:07:23
212615,2023-04-27 13:07:24
212616,2023-04-27 13:07:25
212617,2023-04-27 13:07:26
212618,2023-04-27 13:07:27
212619,2023-04-27 13:07:29
212620,2023-04-27 13:07:30
212621,2023-04-27 13:07:31
212622,2023-04-27 13:07:32
212623,2023-04-27 13:07:33
212624,2023-04-27 13:07:34
212625,2023-04-27 13:07:35
212626,2023-04-27 13:07:36
212627,2023-04-27 13:07:38
212628,2023-04-27 13:07:39
212629,2023-04-27 13:07:40
212630,2023-04-27 13:07:41
212631,2023-04-27 13:07:42
212632,2023-04-27 13:07:43
212633,2023-04-27 13:07:44
212634,2023-04-27 13:07:46
212635,2023-04-27 13:07:47
212636,2023-04-27 13:07:48
212637,2023-04-27 13:07:49
212638,2023-04-27 13:07:50
212639,2023-04-27 13:07:51
212640,2023-04-27 13:07:52
212641,2023-04-27 13:07:53
212642,2023-04-27 13:07:55
212643,2023-04-27 13:07:56
212644,2023-04-27 13:07:57
212645,2023-04-27 13:07:58
212646,2023-04-27 13:07:59
212647,2023-04-27 13:08:00
212648,2023-04-27 13:08:01
212649,2023-04-27 13:08:02
212650,2023-04-27 13:08:04
212651,2023-04-27 13:08:05
212652,2023-04-27 13:08:06
212653,2023-04-27 13:08:07
212654,2023-04-27 13:08:08
212655,2023-04-27 13:08:09
212656,2023-04-27 13:08:10
212657,2023-04-27 13:08:12
212658,2023-04-27 13:08:13
212659,2023-04-27 13:08:14
212660,2023-04-27 13:08:15
212661,2023-04-27 13:08:16
212662,2023-04-27 13:08:17
212663,2023-04-27 13:08:18
212664,2023-04-27 13:08:19
212665,2023-04-27 13:08:21
212666,2023-04-27 13:08:22
212667,2023-04-27 13:08:23
212668,2023-04-27 13:08:24
212669,2023-04-27 13:08:25
212670,2023-04-27 13:08:26
212671,2023-04-27 13:08:27
212672,2023-04-27 13:08:29
212673,2023-04-27 13:08:30
212674,2023-04-27 13:08:31
212675,2023-04-27 13:08:32
212676,2023-04-27 13:08:33
212677,2023-04-27 13:08:34
212678,2023-04-27 13:08:35
212679,2023-04-27 13:08:36
212680,2023-04-27 13:08:38
212681,2023-04-27 13:08:39
212682,2023-04-27 13:08:40
212683,2023-04-27 13:08:41
212684,2023-04-27 13:08:42
212685,2023-04-27 13:08:43
212686,2023-04-27 13:08:44
212687,2023-04-27 13:08:45
212688,2023-04-27 13:08:47
212689,2023-04-27 13:08:48
212690,2023-04-27 13:08:49
212691,2023-04-27 13:08:50
212692,2023-04-27 13:08:51
212693,2023-04-27 13:08:52
212694,2023-04-27 13:08:53
212695,2023-04-27 13:08:55
212696,2023-04-27 13:08:56
212697,2023-04-27 13:08:57
212698,2023-04-27 13:08:58
212699,2023-04-27 13:08:59
212700,2023-04-27 13:09:00
212701,2023-04-27 13:09:01
212702,2023-04-27 13:09:02
212703,2023-04-27 13:09:04
212704,2023-04-27 13:09:05
212705,2023-04-27 13:09:06
212706,2023-04-27 13:09:07
212707,2023-04-27 13:09:08
212708,2023-04-27 13:09:09
212709,2023-04-27 13:09:10
212710,2023-04-27 13:09:11
212711,2023-04-27 13:09:13
212712,2023-04-27 13:09:14
212713,2023-04-27 13:09:15
212714,2023-04-27 13:09:16
212715,2023-04-27 13:09:17
212716,2023-04-27 13:09:18
212717,2023-04-27 13:09:19
212718,2023-04-27 13:09:21
212719,2023-04-27 13:09:22
212720,2023-04-27 13:09:23
212721,2023-04-27 13:09:24
212722,2023-04-27 13:09:25
212723,2023-04-27 13:09:26
212724,2023-04-27 13:09:27
212725,2023-04-27 13:09:28
212726,2023-04-27 13:09:30
212727,2023-04-27 13:09:31
212728,2023-04-27 13:09:32
212729,2023-04-27 13:09:33
212730,2023-04-27 13:09:34
212731,2023-04-27 13:09:35
212732,2023-04-27 13:09:36
212733,2023-04-27 13:09:37
212734,2023-04-27 13:09:39
212735,2023-04-27 13:09:40
212736,2023-04-27 13:09:41
212737,2023-04-27 13:09:42
212738,2023-04-27 13:09:43
212739,2023-04-27 13:09:44
212740,2023-04-27 13:09:45
212741,2023-04-27 13:09:47
212742,2023-04-27 13:09:48
212743,2023-04-27 13:09:49
212744,2023-04-27 13:09:50
212745,2023-04-27 13:09:51
212746,2023-04-27 13:09:52
212747,2023-04-27 13:09:53
212748,2023-04-27 13:09:54
212749,2023-04-27 13:09:56
212750,2023-04-27 13:09:57
212751,2023-04-27 13:09:58
212752,2023-04-27 13:09:59
212753,2023-04-27 13:10:00
212754,2023-04-27 13:10:01
212755,2023-04-27 13:10:02
212756,2023-04-27 13:10:04
212757,2023-04-27 13:10:05
212758,2023-04-27 13:10:06
212759,2023-04-27 13:10:07
212760,2023-04-27 13:10:08
212761,2023-04-27 13:10:09
212762,2023-04-27 13:10:10
212763,2023-04-27 13:10:11
212764,2023-04-27 13:10:13
212765,2023-04-27 13:10:14
212766,2023-04-27 13:10:15
212767,2023-04-27 13:10:16
212768,2023-04-27 13:10:17
212769,2023-04-27 13:10:18
212770,2023-04-27 13:10:19
212771,2023-04-27 13:10:20
212772,2023-04-27 13:10:22
212773,2023-04-27 13:10:23
212774,2023-04-27 13:10:24
212775,2023-04-27 13:10:25
212776,2023-04-27 13:10:26
212777,2023-04-27 13:10:27
212778,2023-04-27 13:10:28
212779,2023-04-27 13:10:30
212780,2023-04-27 13:10:31
212781,2023-04-27 13:10:32
212782,2023-04-27 13:10:33
212783,2023-04-27 13:10:34
212784,2023-04-27 13:10:35
212785,2023-04-27 13:10:36
212786,2023-04-27 13:10:37
212787,2023-04-27 13:10:39
212788,2023-04-27 13:10:40
212789,2023-04-27 13:10:41
212790,2023-04-27 13:10:42
212791,2023-04-27 13:10:43
212792,2023-04-27 13:10:44
212793,2023-04-27 13:10:45
212794,2023-04-27 13:10:46
212795,2023-04-27 13:10:48
212796,2023-04-27 13:10:49
212797,2023-04-27 13:10:50
212798,2023-04-27 13:10:51
212799,2023-04-27 13:10:52
212800,2023-04-27 13:10:53
212801,2023-04-27 13:10:54
212802,2023-04-27 13:10:56
212803,2023-04-27 13:10:57
212804,2023-04-27 13:10:58
212805,2023-04-27 13:10:59
212806,2023-04-27 13:11:00
212807,2023-04-27 13:11:01
212808,2023-04-27 13:11:02
212809,2023-04-27 13:11:03
212810,2023-04-27 13:11:05
212811,2023-04-27 13:11:06
212812,2023-04-27 13:11:07
212813,2023-04-27 13:11:08
212814,2023-04-27 13:11:09
212815,2023-04-27 13:11:10
212816,2023-04-27 13:11:11
212817,2023-04-27 13:11:12
212818,2023-04-27 13:11:14
212819,2023-04-27 13:11:15
212820,2023-04-27 13:11:16
212821,2023-04-27 13:11:17
212822,2023-04-27 13:11:18
212823,2023-04-27 13:11:19
212824,2023-04-27 13:11:20
212825,2023-04-27 13:11:22
212826,2023-04-27 13:11:23
212827,2023-04-27 13:11:24
212828,2023-04-27 13:11:25
212829,2023-04-27 13:11:26
212830,2023-04-27 13:11:27
212831,2023-04-27 13:11:28
212832,2023-04-27 13:11:29
212833,2023-04-27 13:11:31
212834,2023-04-27 13:11:32
212835,2023-04-27 13:11:33
212836,2023-04-27 13:11:34
212837,2023-04-27 13:11:35
212838,2023-04-27 13:11:36
212839,2023-04-27 13:11:37
212840,2023-04-27 13:11:39
212841,2023-04-27 13:11:40
212842,2023-04-27 13:11:41
212843,2023-04-27 13:11:42
212844,2023-04-27 13:11:43
212845,2023-04-27 13:11:44
212846,2023-04-27 13:11:45
212847,2023-04-27 13:11:46
212848,2023-04-27 13:11:48
212849,2023-04-27 13:11:49
212850,2023-04-27 13:11:50
212851,2023-04-27 13:11:51
212852,2023-04-27 13:11:52
212853,2023-04-27 13:11:53
212854,2023-04-27 13:11:54
212855,2023-04-27 13:11:55
212856,2023-04-27 13:11:57
212857,2023-04-27 13:11:58
212858,2023-04-27 13:11:59
212859,2023-04-27 13:12:00
212860,2023-04-27 13:12:01
212861,2023-04-27 13:12:02
212862,2023-04-27 13:12:03
212863,2023-04-27 13:12:05
212864,2023-04-27 13:12:06
212865,2023-04-27 13:12:07
212866,2023-04-27 13:12:08
212867,2023-04-27 13:12:09
212868,2023-04-27 13:12:10
212869,2023-04-27 13:12:11
212870,2023-04-27 13:12:12
212871,2023-04-27 13:12:14
212872,2023-04-27 13:12:15
212873,2023-04-27 13:12:16
212874,2023-04-27 13:12:17
212875,2023-04-27 13:12:18
212876,2023-04-27 13:12:19
212877,2023-04-27 13:12:20
212878,2023-04-27 13:12:21
212879,2023-04-27 13:12:23
212880,2023-04-27 13:12:24
212881,2023-04-27 13:12:25
212882,2023-04-27 13:12:26
212883,2023-04-27 13:12:27
212884,2023-04-27 13:12:28
212885,2023-04-27 13:12:29
212886,2023-04-27 13:12:31
212887,2023-04-27 13:12:32
212888,2023-04-27 13:12:33
212889,2023-04-27 13:12:34
212890,2023-04-27 13:12:35
212891,2023-04-27 13:12:36
212892,2023-04-27 13:12:37
212893,2023-04-27 13:12:38
212894,2023-04-27 13:12:40
212895,2023-04-27 13:12:41
212896,2023-04-27 13:12:42
212897,2023-04-27 13:12:43
212898,2023-04-27 13:12:44
212899,2023-04-27 13:12:45
212900,2023-04-27 13:12:46
212901,2023-04-27 13:12:47
212902,2023-04-27 13:12:49
212903,2023-04-27 13:12:50
212904,2023-04-27 13:12:51
212905,2023-04-27 13:12:52
212906,2023-04-27 13:12:53
212907,2023-04-27 13:12:54
212908,2023-04-27 13:12:55
212909,2023-04-27 13:12:57
212910,2023-04-27 13:12:58
212911,2023-04-27 13:12:59
212912,2023-04-27 13:13:00
212913,2023-04-27 13:13:01
212914,2023-04-27 13:13:02
212915,2023-04-27 13:13:03
212916,2023-04-27 13:13:04
212917,2023-04-27 13:13:06
212918,2023-04-27 13:13:07
212919,2023-04-27 13:13:08
212920,2023-04-27 13:13:09
212921,2023-04-27 13:13:10
212922,2023-04-27 13:13:11
212923,2023-04-27 13:13:12
212924,2023-04-27 13:13:14
212925,2023-04-27 13:13:15
212926,2023-04-27 13:13:16
212927,2023-04-27 13:13:17
212928,2023-04-27 13:13:18
212929,2023-04-27 13:13:19
212930,2023-04-27 13:13:20
212931,2023-04-27 13:13:21
212932,2023-04-27 13:13:23
212933,2023-04-27 13:13:24
212934,2023-04-27 13:13:25
212935,2023-04-27 13:13:26
212936,2023-04-27 13:13:27
212937,2023-04-27 13:13:28
212938,2023-04-27 13:13:29
212939,2023-04-27 13:13:30
212940,2023-04-27 13:13:32
212941,2023-04-27 13:13:33
212942,2023-04-27 13:13:34
212943,2023-04-27 13:13:35
212944,2023-04-27 13:13:36
212945,2023-04-27 13:13:37
212946,2023-04-27 13:13:38
212947,2023-04-27 13:13:40
212948,2023-04-27 13:13:41
212949,2023-04-27 13:13:42
212950,2023-04-27 13:13:43
212951,2023-04-27 13:13:44
212952,2023-04-27 13:13:45
212953,2023-04-27 13:13:46
212954,2023-04-27 13:13:47
212955,2023-04-27 13:13:49
212956,2023-04-27 13:13:50
212957,2023-04-27 13:13:51
212958,2023-04-27 13:13:52
212959,2023-04-27 13:13:53
212960,2023-04-27 13:13:54
212961,2023-04-27 13:13:55
212962,2023-04-27 13:13:56
212963,2023-04-27 13:13:58
212964,2023-04-27 13:13:59
212965,2023-04-27 13:14:00
212966,2023-04-27 13:14:01
212967,2023-04-27 13:14:02
212968,2023-04-27 13:14:03
212969,2023-04-27 13:14:04
212970,2023-04-27 13:14:06
212971,2023-04-27 13:14:07
212972,2023-04-27 13:14:08
212973,2023-04-27 13:14:09
212974,2023-04-27 13:14:10
212975,2023-04-27 13:14:11
212976,2023-04-27 13:14:12
212977,2023-04-27 13:14:13
212978,2023-04-27 13:14:15
212979,2023-04-27 13:14:16
212980,2023-04-27 13:14:17
212981,2023-04-27 13:14:18
212982,2023-04-27 13:14:19
212983,2023-04-27 13:14:20
212984,2023-04-27 13:14:21
212985,2023-04-27 13:14:23
212986,2023-04-27 13:14:24
212987,2023-04-27 13:14:25
212988,2023-04-27 13:14:26
212989,2023-04-27 13:14:27
212990,2023-04-27 13:14:28
212991,2023-04-27 13:14:29
212992,2023-04-27 13:14:30
212993,2023-04-27 13:14:32
212994,2023-04-27 13:14:33
212995,2023-04-27 13:14:34
212996,2023-04-27 13:14:35
212997,2023-04-27 13:14:36
212998,2023-04-27 13:14:37
212999,2023-04-27 13:14:38
213000,2023-04-27 13:14:39
213001,2023-04-27 13:14:41
213002,2023-04-27 13:14:42
213003,2023-04-27 13:14:43
213004,2023-04-27 13:14:44
213005,2023-04-27 13:14:45
213006,2023-04-27 13:14:46
213007,2023-04-27 13:14:47
213008,2023-04-27 13:14:49
213009,2023-04-27 13:14:50
213010,2023-04-27 13:14:51
213011,2023-04-27 13:14:52
213012,2023-04-27 13:14:53
213013,2023-04-27 13:14:54
213014,2023-04-27 13:14:55
213015,2023-04-27 13:14:56
213016,2023-04-27 13:14:58
213017,2023-04-27 13:14:59
213018,2023-04-27 13:15:00
213019,2023-04-27 13:15:01
213020,2023-04-27 13:15:02
213021,2023-04-27 13:15:03
213022,2023-04-27 13:15:04
213023,2023-04-27 13:15:05
213024,2023-04-27 13:15:07
213025,2023-04-27 13:15:08
213026,2023-04-27 13:15:09
213027,2023-04-27 13:15:10
213028,2023-04-27 13:15:11
213029,2023-04-27 13:15:12
213030,2023-04-27 13:15:13
213031,2023-04-27 13:15:15
213032,2023-04-27 13:15:16
213033,2023-04-27 13:15:17
213034,2023-04-27 13:15:18
213035,2023-04-27 13:15:19
213036,2023-04-27 13:15:20
213037,2023-04-27 13:15:21
213038,2023-04-27 13:15:22
213039,2023-04-27 13:15:24
213040,2023-04-27 13:15:25
213041,2023-04-27 13:15:26
213042,2023-04-27 13:15:27
213043,2023-04-27 13:15:28
213044,2023-04-27 13:15:29
213045,2023-04-27 13:15:30
213046,2023-04-27 13:15:31
213047,2023-04-27 13:15:33
213048,2023-04-27 13:15:34
213049,2023-04-27 13:15:35
213050,2023-04-27 13:15:36
213051,2023-04-27 13:15:37
213052,2023-04-27 13:15:38
213053,2023-04-27 13:15:39
213054,2023-04-27 13:15:41
213055,2023-04-27 13:15:42
213056,2023-04-27 13:15:43
213057,2023-04-27 13:15:44
213058,2023-04-27 13:15:45
213059,2023-04-27 13:15:46
213060,2023-04-27 13:15:47
213061,2023-04-27 13:15:48
213062,2023-04-27 13:15:50
213063,2023-04-27 13:15:51
213064,2023-04-27 13:15:52
213065,2023-04-27 13:15:53
213066,2023-04-27 13:15:54
213067,2023-04-27 13:15:55
213068,2023-04-27 13:15:56
213069,2023-04-27 13:15:58
213070,2023-04-27 13:15:59
213071,2023-04-27 13:16:00
213072,2023-04-27 13:16:01
213073,2023-04-27 13:16:02
213074,2023-04-27 13:16:03
213075,2023-04-27 13:16:04
213076,2023-04-27 13:16:05
213077,2023-04-27 13:16:07
213078,2023-04-27 13:16:08
213079,2023-04-27 13:16:09
213080,2023-04-27 13:16:10
213081,2023-04-27 13:16:11
213082,2023-04-27 13:16:12
213083,2023-04-27 13:16:13
213084,2023-04-27 13:16:14
213085,2023-04-27 13:16:16
213086,2023-04-27 13:16:17
213087,2023-04-27 13:16:18
213088,2023-04-27 13:16:19
213089,2023-04-27 13:16:20
213090,2023-04-27 13:16:21
213091,2023-04-27 13:16:22
213092,2023-04-27 13:16:24
213093,2023-04-27 13:16:25
213094,2023-04-27 13:16:26
213095,2023-04-27 13:16:27
213096,2023-04-27 13:16:28
213097,2023-04-27 13:16:29
213098,2023-04-27 13:16:30
213099,2023-04-27 13:16:31
213100,2023-04-27 13:16:33
213101,2023-04-27 13:16:34
213102,2023-04-27 13:16:35
213103,2023-04-27 13:16:36
213104,2023-04-27 13:16:37
213105,2023-04-27 13:16:38
213106,2023-04-27 13:16:39
213107,2023-04-27 13:16:40
213108,2023-04-27 13:16:42
213109,2023-04-27 13:16:43
213110,2023-04-27 13:16:44
213111,2023-04-27 13:16:45
213112,2023-04-27 13:16:46
213113,2023-04-27 13:16:47
213114,2023-04-27 13:16:48
213115,2023-04-27 13:16:50
213116,2023-04-27 13:16:51
213117,2023-04-27 13:16:52
213118,2023-04-27 13:16:53
213119,2023-04-27 13:16:54
213120,2023-04-27 13:16:55
213121,2023-04-27 13:16:56
213122,2023-04-27 13:16:57
213123,2023-04-27 13:16:59
213124,2023-04-27 13:17:00
213125,2023-04-27 13:17:01
213126,2023-04-27 13:17:02
213127,2023-04-27 13:17:03
213128,2023-04-27 13:17:04
213129,2023-04-27 13:17:05
213130,2023-04-27 13:17:06
213131,2023-04-27 13:17:08
213132,2023-04-27 13:17:09
213133,2023-04-27 13:17:10
213134,2023-04-27 13:17:11
213135,2023-04-27 13:17:12
213136,2023-04-27 13:17:13
213137,2023-04-27 13:17:14
213138,2023-04-27 13:17:16
213139,2023-04-27 13:17:17
213140,2023-04-27 13:17:18
213141,2023-04-27 13:17:19
213142,2023-04-27 13:17:20
213143,2023-04-27 13:17:21
213144,2023-04-27 13:17:22
213145,2023-04-27 13:17:23
213146,2023-04-27 13:17:25
213147,2023-04-27 13:17:26
213148,2023-04-27 13:17:27
213149,2023-04-27 13:17:28
213150,2023-04-27 13:17:29
213151,2023-04-27 13:17:30
213152,2023-04-27 13:17:31
213153,2023-04-27 13:17:33
213154,2023-04-27 13:17:34
213155,2023-04-27 13:17:35
213156,2023-04-27 13:17:36
213157,2023-04-27 13:17:37
213158,2023-04-27 13:17:38
213159,2023-04-27 13:17:39
213160,2023-04-27 13:17:40
213161,2023-04-27 13:17:42
213162,2023-04-27 13:17:43
213163,2023-04-27 13:17:44
213164,2023-04-27 13:17:45
213165,2023-04-27 13:17:46
213166,2023-04-27 13:17:47
213167,2023-04-27 13:17:48
213168,2023-04-27 13:17:49
213169,2023-04-27 13:17:51
213170,2023-04-27 13:17:52
213171,2023-04-27 13:17:53
213172,2023-04-27 13:17:54
213173,2023-04-27 13:17:55
213174,2023-04-27 13:17:56
213175,2023-04-27 13:17:57
213176,2023-04-27 13:17:59
213177,2023-04-27 13:18:00
213178,2023-04-27 13:18:01
213179,2023-04-27 13:18:02
213180,2023-04-27 13:18:03
213181,2023-04-27 13:18:04
213182,2023-04-27 13:18:05
213183,2023-04-27 13:18:06
213184,2023-04-27 13:18:08
213185,2023-04-27 13:18:09
213186,2023-04-27 13:18:10
213187,2023-04-27 13:18:11
213188,2023-04-27 13:18:12
213189,2023-04-27 13:18:13
213190,2023-04-27 13:18:14
213191,2023-04-27 13:18:15
213192,2023-04-27 13:18:17
213193,2023-04-27 13:18:18
213194,2023-04-27 13:18:19
213195,2023-04-27 13:18:20
213196,2023-04-27 13:18:21
213197,2023-04-27 13:18:22
213198,2023-04-27 13:18:23
213199,2023-04-27 13:18:25
213200,2023-04-27 13:18:26
213201,2023-04-27 13:18:27
213202,2023-04-27 13:18:28
213203,2023-04-27 13:18:29
213204,2023-04-27 13:18:30
213205,2023-04-27 13:18:31
213206,2023-04-27 13:18:32
213207,2023-04-27 13:18:34
213208,2023-04-27 13:18:35
213209,2023-04-27 13:18:36
213210,2023-04-27 13:18:37
213211,2023-04-27 13:18:38
213212,2023-04-27 13:18:39
213213,2023-04-27 13:18:40
213214,2023-04-27 13:18:41
213215,2023-04-27 13:18:43
213216,2023-04-27 13:18:44
213217,2023-04-27 13:18:45
213218,2023-04-27 13:18:46
213219,2023-04-27 13:18:47
213220,2023-04-27 13:18:48
213221,2023-04-27 13:18:49
213222,2023-04-27 13:18:51
213223,2023-04-27 13:18:52
213224,2023-04-27 13:18:53
213225,2023-04-27 13:18:54
213226,2023-04-27 13:18:55
213227,2023-04-27 13:18:56
213228,2023-04-27 13:18:57
213229,2023-04-27 13:18:58
213230,2023-04-27 13:19:00
213231,2023-04-27 13:19:01
213232,2023-04-27 13:19:02
213233,2023-04-27 13:19:03
213234,2023-04-27 13:19:04
213235,2023-04-27 13:19:05
213236,2023-04-27 13:19:06
213237,2023-04-27 13:19:08
213238,2023-04-27 13:19:09
213239,2023-04-27 13:19:10
213240,2023-04-27 13:19:11
213241,2023-04-27 13:19:12
213242,2023-04-27 13:19:13
213243,2023-04-27 13:19:14
213244,2023-04-27 13:19:15
213245,2023-04-27 13:19:17
213246,2023-04-27 13:19:18
213247,2023-04-27 13:19:19
213248,2023-04-27 13:19:20
213249,2023-04-27 13:19:21
213250,2023-04-27 13:19:22
213251,2023-04-27 13:19:23
213252,2023-04-27 13:19:24
213253,2023-04-27 13:19:26
213254,2023-04-27 13:19:27
213255,2023-04-27 13:19:28
213256,2023-04-27 13:19:29
213257,2023-04-27 13:19:30
213258,2023-04-27 13:19:31
213259,2023-04-27 13:19:32
213260,2023-04-27 13:19:34
213261,2023-04-27 13:19:35
213262,2023-04-27 13:19:36
213263,2023-04-27 13:19:37
213264,2023-04-27 13:19:38
213265,2023-04-27 13:19:39
213266,2023-04-27 13:19:40
213267,2023-04-27 13:19:41
213268,2023-04-27 13:19:43
213269,2023-04-27 13:19:44
213270,2023-04-27 13:19:45
213271,2023-04-27 13:19:46
213272,2023-04-27 13:19:47
213273,2023-04-27 13:19:48
213274,2023-04-27 13:19:49
213275,2023-04-27 13:19:50
213276,2023-04-27 13:19:52
213277,2023-04-27 13:19:53
213278,2023-04-27 13:19:54
213279,2023-04-27 13:19:55
213280,2023-04-27 13:19:56
213281,2023-04-27 13:19:57
213282,2023-04-27 13:19:58
213283,2023-04-27 13:20:00
213284,2023-04-27 13:20:01
213285,2023-04-27 13:20:02
213286,2023-04-27 13:20:03
213287,2023-04-27 13:20:04
213288,2023-04-27 13:20:05
213289,2023-04-27 13:20:06
213290,2023-04-27 13:20:07
213291,2023-04-27 13:20:09
213292,2023-04-27 13:20:10
213293,2023-04-27 13:20:11
213294,2023-04-27 13:20:12
213295,2023-04-27 13:20:13
213296,2023-04-27 13:20:14
213297,2023-04-27 13:20:15
213298,2023-04-27 13:20:16
213299,2023-04-27 13:20:18
213300,2023-04-27 13:20:19
213301,2023-04-27 13:20:20
213302,2023-04-27 13:20:21
213303,2023-04-27 13:20:22
213304,2023-04-27 13:20:23
213305,2023-04-27 13:20:24
213306,2023-04-27 13:20:26
213307,2023-04-27 13:20:27
213308,2023-04-27 13:20:28
213309,2023-04-27 13:20:29
213310,2023-04-27 13:20:30
213311,2023-04-27 13:20:31
213312,2023-04-27 13:20:32
213313,2023-04-27 13:20:33
213314,2023-04-27 13:20:35
213315,2023-04-27 13:20:36
213316,2023-04-27 13:20:37
213317,2023-04-27 13:20:38
213318,2023-04-27 13:20:39
213319,2023-04-27 13:20:40
213320,2023-04-27 13:20:41
213321,2023-04-27 13:20:43
213322,2023-04-27 13:20:44
213323,2023-04-27 13:20:45
213324,2023-04-27 13:20:46
213325,2023-04-27 13:20:47
213326,2023-04-27 13:20:48
213327,2023-04-27 13:20:49
213328,2023-04-27 13:20:50
213329,2023-04-27 13:20:52
213330,2023-04-27 13:20:53
213331,2023-04-27 13:20:54
213332,2023-04-27 13:20:55
213333,2023-04-27 13:20:56
213334,2023-04-27 13:20:57
213335,2023-04-27 13:20:58
213336,2023-04-27 13:20:59
213337,2023-04-27 13:21:01
213338,2023-04-27 13:21:02
213339,2023-04-27 13:21:03
213340,2023-04-27 13:21:04
213341,2023-04-27 13:21:05
213342,2023-04-27 13:21:06
213343,2023-04-27 13:21:07
213344,2023-04-27 13:21:09
213345,2023-04-27 13:21:10
213346,2023-04-27 13:21:11
213347,2023-04-27 13:21:12
213348,2023-04-27 13:21:13
213349,2023-04-27 13:21:14
213350,2023-04-27 13:21:15
213351,2023-04-27 13:21:16
213352,2023-04-27 13:21:18
213353,2023-04-27 13:21:19
213354,2023-04-27 13:21:20
213355,2023-04-27 13:21:21
213356,2023-04-27 13:21:22
213357,2023-04-27 13:21:23
213358,2023-04-27 13:21:24
213359,2023-04-27 13:21:25
213360,2023-04-27 13:21:27
213361,2023-04-27 13:21:28
213362,2023-04-27 13:21:29
213363,2023-04-27 13:21:30
213364,2023-04-27 13:21:31
213365,2023-04-27 13:21:32
213366,2023-04-27 13:21:33
213367,2023-04-27 13:21:35
213368,2023-04-27 13:21:36
213369,2023-04-27 13:21:37
213370,2023-04-27 13:21:38
213371,2023-04-27 13:21:39
213372,2023-04-27 13:21:40
213373,2023-04-27 13:21:41
213374,2023-04-27 13:21:42
213375,2023-04-27 13:21:44
213376,2023-04-27 13:21:45
213377,2023-04-27 13:21:46
213378,2023-04-27 13:21:47
213379,2023-04-27 13:21:48
213380,2023-04-27 13:21:49
213381,2023-04-27 13:21:50
213382,2023-04-27 13:21:52
213383,2023-04-27 13:21:53
213384,2023-04-27 13:21:54
213385,2023-04-27 13:21:55
213386,2023-04-27 13:21:56
213387,2023-04-27 13:21:57
213388,2023-04-27 13:21:58
213389,2023-04-27 13:21:59
213390,2023-04-27 13:22:01
213391,2023-04-27 13:22:02
213392,2023-04-27 13:22:03
213393,2023-04-27 13:22:04
213394,2023-04-27 13:22:05
213395,2023-04-27 13:22:06
213396,2023-04-27 13:22:07
213397,2023-04-27 13:22:08
213398,2023-04-27 13:22:10
213399,2023-04-27 13:22:11
213400,2023-04-27 13:22:12
213401,2023-04-27 13:22:13
213402,2023-04-27 13:22:14
213403,2023-04-27 13:22:15
213404,2023-04-27 13:22:16
213405,2023-04-27 13:22:18
213406,2023-04-27 13:22:19
213407,2023-04-27 13:22:20
213408,2023-04-27 13:22:21
213409,2023-04-27 13:22:22
213410,2023-04-27 13:22:23
213411,2023-04-27 13:22:24
213412,2023-04-27 13:22:25
213413,2023-04-27 13:22:27
213414,2023-04-27 13:22:28
213415,2023-04-27 13:22:29
213416,2023-04-27 13:22:30
213417,2023-04-27 13:22:31
213418,2023-04-27 13:22:32
213419,2023-04-27 13:22:33
213420,2023-04-27 13:22:34
213421,2023-04-27 13:22:36
213422,2023-04-27 13:22:37
213423,2023-04-27 13:22:38
213424,2023-04-27 13:22:39
213425,2023-04-27 13:22:40
213426,2023-04-27 13:22:41
213427,2023-04-27 13:22:42
213428,2023-04-27 13:22:44
213429,2023-04-27 13:22:45
213430,2023-04-27 13:22:46
213431,2023-04-27 13:22:47
213432,2023-04-27 13:22:48
213433,2023-04-27 13:22:49
213434,2023-04-27 13:22:50
213435,2023-04-27 13:22:51
213436,2023-04-27 13:22:53
213437,2023-04-27 13:22:54
213438,2023-04-27 13:22:55
213439,2023-04-27 13:22:56
213440,2023-04-27 13:22:57
213441,2023-04-27 13:22:58
213442,2023-04-27 13:22:59
213443,2023-04-27 13:23:00
213444,2023-04-27 13:23:02
213445,2023-04-27 13:23:03
213446,2023-04-27 13:23:04
213447,2023-04-27 13:23:05
213448,2023-04-27 13:23:06
213449,2023-04-27 13:23:07
213450,2023-04-27 13:23:08
213451,2023-04-27 13:23:10
213452,2023-04-27 13:23:11
213453,2023-04-27 13:23:12
213454,2023-04-27 13:23:13
213455,2023-04-27 13:23:14
213456,2023-04-27 13:23:15
213457,2023-04-27 13:23:16
213458,2023-04-27 13:23:17
213459,2023-04-27 13:23:19
213460,2023-04-27 13:23:20
213461,2023-04-27 13:23:21
213462,2023-04-27 13:23:22
213463,2023-04-27 13:23:23
213464,2023-04-27 13:23:24
213465,2023-04-27 13:23:25
213466,2023-04-27 13:23:27
213467,2023-04-27 13:23:28
213468,2023-04-27 13:23:29
213469,2023-04-27 13:23:30
213470,2023-04-27 13:23:31
213471,2023-04-27 13:23:32
213472,2023-04-27 13:23:33
213473,2023-04-27 13:23:34
213474,2023-04-27 13:23:36
213475,2023-04-27 13:23:37
213476,2023-04-27 13:23:38
213477,2023-04-27 13:23:39
213478,2023-04-27 13:23:40
213479,2023-04-27 13:23:41
213480,2023-04-27 13:23:42
213481,2023-04-27 13:23:43
213482,2023-04-27 13:23:45
213483,2023-04-27 13:23:46
213484,2023-04-27 13:23:47
213485,2023-04-27 13:23:48
213486,2023-04-27 13:23:49
213487,2023-04-27 13:23:50
213488,2023-04-27 13:23:51
213489,2023-04-27 13:23:53
213490,2023-04-27 13:23:54
213491,2023-04-27 13:23:55
213492,2023-04-27 13:23:56
213493,2023-04-27 13:23:57
213494,2023-04-27 13:23:58
213495,2023-04-27 13:23:59
213496,2023-04-27 13:24:00
213497,2023-04-27 13:24:02
213498,2023-04-27 13:24:03
213499,2023-04-27 13:24:04
213500,2023-04-27 13:24:05
213501,2023-04-27 13:24:06
213502,2023-04-27 13:24:07
213503,2023-04-27 13:24:08
213504,2023-04-27 13:24:09
213505,2023-04-27 13:24:11
213506,2023-04-27 13:24:12
213507,2023-04-27 13:24:13
213508,2023-04-27 13:24:14
213509,2023-04-27 13:24:15
213510,2023-04-27 13:24:16
213511,2023-04-27 13:24:17
213512,2023-04-27 13:24:19
213513,2023-04-27 13:24:20
213514,2023-04-27 13:24:21
213515,2023-04-27 13:24:22
213516,2023-04-27 13:24:23
213517,2023-04-27 13:24:24
213518,2023-04-27 13:24:25
213519,2023-04-27 13:24:26
213520,2023-04-27 13:24:28
213521,2023-04-27 13:24:29
213522,2023-04-27 13:24:30
213523,2023-04-27 13:24:31
213524,2023-04-27 13:24:32
213525,2023-04-27 13:24:33
213526,2023-04-27 13:24:34
213527,2023-04-27 13:24:35
213528,2023-04-27 13:24:37
213529,2023-04-27 13:24:38
213530,2023-04-27 13:24:39
213531,2023-04-27 13:24:40
213532,2023-04-27 13:24:41
213533,2023-04-27 13:24:42
213534,2023-04-27 13:24:43
213535,2023-04-27 13:24:45
213536,2023-04-27 13:24:46
213537,2023-04-27 13:24:47
213538,2023-04-27 13:24:48
213539,2023-04-27 13:24:49
213540,2023-04-27 13:24:50
213541,2023-04-27 13:24:51
213542,2023-04-27 13:24:52
213543,2023-04-27 13:24:54
213544,2023-04-27 13:24:55
213545,2023-04-27 13:24:56
213546,2023-04-27 13:24:57
213547,2023-04-27 13:24:58
213548,2023-04-27 13:24:59
213549,2023-04-27 13:25:00
213550,2023-04-27 13:25:02
213551,2023-04-27 13:25:03
213552,2023-04-27 13:25:04
213553,2023-04-27 13:25:05
213554,2023-04-27 13:25:06
213555,2023-04-27 13:25:07
213556,2023-04-27 13:25:08
213557,2023-04-27 13:25:09
213558,2023-04-27 13:25:11
213559,2023-04-27 13:25:12
213560,2023-04-27 13:25:13
213561,2023-04-27 13:25:14
213562,2023-04-27 13:25:15
213563,2023-04-27 13:25:16
213564,2023-04-27 13:25:17
213565,2023-04-27 13:25:18
213566,2023-04-27 13:25:20
213567,2023-04-27 13:25:21
213568,2023-04-27 13:25:22
213569,2023-04-27 13:25:23
213570,2023-04-27 13:25:24
213571,2023-04-27 13:25:25
213572,2023-04-27 13:25:26
213573,2023-04-27 13:25:28
213574,2023-04-27 13:25:29
213575,2023-04-27 13:25:30
213576,2023-04-27 13:25:31
213577,2023-04-27 13:25:32
213578,2023-04-27 13:25:33
213579,2023-04-27 13:25:34
213580,2023-04-27 13:25:35
213581,2023-04-27 13:25:37
213582,2023-04-27 13:25:38
213583,2023-04-27 13:25:39
213584,2023-04-27 13:25:40
213585,2023-04-27 13:25:41
213586,2023-04-27 13:25:42
213587,2023-04-27 13:25:43
213588,2023-04-27 13:25:44
213589,2023-04-27 13:25:46
213590,2023-04-27 13:25:47
213591,2023-04-27 13:25:48
213592,2023-04-27 13:25:49
213593,2023-04-27 13:25:50
213594,2023-04-27 13:25:51
213595,2023-04-27 13:25:52
213596,2023-04-27 13:25:54
213597,2023-04-27 13:25:55
213598,2023-04-27 13:25:56
213599,2023-04-27 13:25:57
213600,2023-04-27 13:25:58
213601,2023-04-27 13:25:59
213602,2023-04-27 13:26:00
213603,2023-04-27 13:26:01
213604,2023-04-27 13:26:03
213605,2023-04-27 13:26:04
213606,2023-04-27 13:26:05
213607,2023-04-27 13:26:06
213608,2023-04-27 13:26:07
213609,2023-04-27 13:26:08
213610,2023-04-27 13:26:09
213611,2023-04-27 13:26:10
213612,2023-04-27 13:26:12
213613,2023-04-27 13:26:13
213614,2023-04-27 13:26:14
213615,2023-04-27 13:26:15
213616,2023-04-27 13:26:16
213617,2023-04-27 13:26:17
213618,2023-04-27 13:26:18
213619,2023-04-27 13:26:20
213620,2023-04-27 13:26:21
213621,2023-04-27 13:26:22
213622,2023-04-27 13:26:23
213623,2023-04-27 13:26:24
213624,2023-04-27 13:26:25
213625,2023-04-27 13:26:26
213626,2023-04-27 13:26:27
213627,2023-04-27 13:26:29
213628,2023-04-27 13:26:30
213629,2023-04-27 13:26:31
213630,2023-04-27 13:26:32
213631,2023-04-27 13:26:33
213632,2023-04-27 13:26:34
213633,2023-04-27 13:26:35
213634,2023-04-27 13:26:37
213635,2023-04-27 13:26:38
213636,2023-04-27 13:26:39
213637,2023-04-27 13:26:40
213638,2023-04-27 13:26:41
213639,2023-04-27 13:26:42
213640,2023-04-27 13:26:43
213641,2023-04-27 13:26:44
213642,2023-04-27 13:26:46
213643,2023-04-27 13:26:47
213644,2023-04-27 13:26:48
213645,2023-04-27 13:26:49
213646,2023-04-27 13:26:50
213647,2023-04-27 13:26:51
213648,2023-04-27 13:26:52
213649,2023-04-27 13:26:53
213650,2023-04-27 13:26:55
213651,2023-04-27 13:26:56
213652,2023-04-27 13:26:57
213653,2023-04-27 13:26:58
213654,2023-04-27 13:26:59
213655,2023-04-27 13:27:00
213656,2023-04-27 13:27:01
213657,2023-04-27 13:27:03
213658,2023-04-27 13:27:04
213659,2023-04-27 13:27:05
213660,2023-04-27 13:27:06
213661,2023-04-27 13:27:07
213662,2023-04-27 13:27:08
213663,2023-04-27 13:27:09
213664,2023-04-27 13:27:10
213665,2023-04-27 13:27:12
213666,2023-04-27 13:27:13
213667,2023-04-27 13:27:14
213668,2023-04-27 13:27:15
213669,2023-04-27 13:27:16
213670,2023-04-27 13:27:17
213671,2023-04-27 13:27:18
213672,2023-04-27 13:27:19
213673,2023-04-27 13:27:21
213674,2023-04-27 13:27:22
213675,2023-04-27 13:27:23
213676,2023-04-27 13:27:24
213677,2023-04-27 13:27:25
213678,2023-04-27 13:27:26
213679,2023-04-27 13:27:27
213680,2023-04-27 13:27:29
213681,2023-04-27 13:27:30
213682,2023-04-27 13:27:31
213683,2023-04-27 13:27:32
213684,2023-04-27 13:27:33
213685,2023-04-27 13:27:34
213686,2023-04-27 13:27:35
213687,2023-04-27 13:27:36
213688,2023-04-27 13:27:38
213689,2023-04-27 13:27:39
213690,2023-04-27 13:27:40
213691,2023-04-27 13:27:41
213692,2023-04-27 13:27:42
213693,2023-04-27 13:27:43
213694,2023-04-27 13:27:44
213695,2023-04-27 13:27:45
213696,2023-04-27 13:27:47
213697,2023-04-27 13:27:48
213698,2023-04-27 13:27:49
213699,2023-04-27 13:27:50
213700,2023-04-27 13:27:51
213701,2023-04-27 13:27:52
213702,2023-04-27 13:27:53
213703,2023-04-27 13:27:55
213704,2023-04-27 13:27:56
213705,2023-04-27 13:27:57
213706,2023-04-27 13:27:58
213707,2023-04-27 13:27:59
213708,2023-04-27 13:28:00
213709,2023-04-27 13:28:01
213710,2023-04-27 13:28:02
213711,2023-04-27 13:28:04
213712,2023-04-27 13:28:05
213713,2023-04-27 13:28:06
213714,2023-04-27 13:28:07
213715,2023-04-27 13:28:08
213716,2023-04-27 13:28:09
213717,2023-04-27 13:28:10
213718,2023-04-27 13:28:12
213719,2023-04-27 13:28:13
213720,2023-04-27 13:28:14
213721,2023-04-27 13:28:15
213722,2023-04-27 13:28:16
213723,2023-04-27 13:28:17
213724,2023-04-27 13:28:18
213725,2023-04-27 13:28:19
213726,2023-04-27 13:28:21
213727,2023-04-27 13:28:22
213728,2023-04-27 13:28:23
213729,2023-04-27 13:28:24
213730,2023-04-27 13:28:25
213731,2023-04-27 13:28:26
213732,2023-04-27 13:28:27
213733,2023-04-27 13:28:28
213734,2023-04-27 13:28:30
213735,2023-04-27 13:28:31
213736,2023-04-27 13:28:32
213737,2023-04-27 13:28:33
213738,2023-04-27 13:28:34
213739,2023-04-27 13:28:35
213740,2023-04-27 13:28:36
213741,2023-04-27 13:28:38
213742,2023-04-27 13:28:39
213743,2023-04-27 13:28:40
213744,2023-04-27 13:28:41
213745,2023-04-27 13:28:42
213746,2023-04-27 13:28:43
213747,2023-04-27 13:28:44
213748,2023-04-27 13:28:45
213749,2023-04-27 13:28:47
213750,2023-04-27 13:28:48
213751,2023-04-27 13:28:49
213752,2023-04-27 13:28:50
213753,2023-04-27 13:28:51
213754,2023-04-27 13:28:52
213755,2023-04-27 13:28:53
213756,2023-04-27 13:28:54
213757,2023-04-27 13:28:56
213758,2023-04-27 13:28:57
213759,2023-04-27 13:28:58
213760,2023-04-27 13:28:59
213761,2023-04-27 13:29:00
213762,2023-04-27 13:29:01
213763,2023-04-27 13:29:02
213764,2023-04-27 13:29:04
213765,2023-04-27 13:29:05
213766,2023-04-27 13:29:06
213767,2023-04-27 13:29:07
213768,2023-04-27 13:29:08
213769,2023-04-27 13:29:09
213770,2023-04-27 13:29:10
213771,2023-04-27 13:29:11
213772,2023-04-27 13:29:13
213773,2023-04-27 13:29:14
213774,2023-04-27 13:29:15
213775,2023-04-27 13:29:16
213776,2023-04-27 13:29:17
213777,2023-04-27 13:29:18
213778,2023-04-27 13:29:19
213779,2023-04-27 13:29:20
213780,2023-04-27 13:29:22
213781,2023-04-27 13:29:23
213782,2023-04-27 13:29:24
213783,2023-04-27 13:29:25
213784,2023-04-27 13:29:26
213785,2023-04-27 13:29:27
213786,2023-04-27 13:29:28
213787,2023-04-27 13:29:30
213788,2023-04-27 13:29:31
213789,2023-04-27 13:29:32
213790,2023-04-27 13:29:33
213791,2023-04-27 13:29:34
213792,2023-04-27 13:29:35
213793,2023-04-27 13:29:36
213794,2023-04-27 13:29:37
213795,2023-04-27 13:29:39
213796,2023-04-27 13:29:40
213797,2023-04-27 13:29:41
213798,2023-04-27 13:29:42
213799,2023-04-27 13:29:43
213800,2023-04-27 13:29:44
213801,2023-04-27 13:29:45
213802,2023-04-27 13:29:47
213803,2023-04-27 13:29:48
213804,2023-04-27 13:29:49
213805,2023-04-27 13:29:50
213806,2023-04-27 13:29:51
213807,2023-04-27 13:29:52
213808,2023-04-27 13:29:53
213809,2023-04-27 13:29:54
213810,2023-04-27 13:29:56
213811,2023-04-27 13:29:57
213812,2023-04-27 13:29:58
213813,2023-04-27 13:29:59
213814,2023-04-27 13:30:00
213815,2023-04-27 13:30:01
213816,2023-04-27 13:30:02
213817,2023-04-27 13:30:03
213818,2023-04-27 13:30:05
213819,2023-04-27 13:30:06
213820,2023-04-27 13:30:07
213821,2023-04-27 13:30:08
213822,2023-04-27 13:30:09
213823,2023-04-27 13:30:10
213824,2023-04-27 13:30:11
213825,2023-04-27 13:30:13
213826,2023-04-27 13:30:14
213827,2023-04-27 13:30:15
213828,2023-04-27 13:30:16
213829,2023-04-27 13:30:17
213830,2023-04-27 13:30:18
213831,2023-04-27 13:30:19
213832,2023-04-27 13:30:20
213833,2023-04-27 13:30:22
213834,2023-04-27 13:30:23
213835,2023-04-27 13:30:24
213836,2023-04-27 13:30:25
213837,2023-04-27 13:30:26
213838,2023-04-27 13:30:27
213839,2023-04-27 13:30:28
213840,2023-04-27 13:30:29
213841,2023-04-27 13:30:31
213842,2023-04-27 13:30:32
213843,2023-04-27 13:30:33
213844,2023-04-27 13:30:34
213845,2023-04-27 13:30:35
213846,2023-04-27 13:30:36
213847,2023-04-27 13:30:37
213848,2023-04-27 13:30:39
213849,2023-04-27 13:30:40
213850,2023-04-27 13:30:41
213851,2023-04-27 13:30:42
213852,2023-04-27 13:30:43
213853,2023-04-27 13:30:44
213854,2023-04-27 13:30:45
213855,2023-04-27 13:30:46
213856,2023-04-27 13:30:48
213857,2023-04-27 13:30:49
213858,2023-04-27 13:30:50
213859,2023-04-27 13:30:51
213860,2023-04-27 13:30:52
213861,2023-04-27 13:30:53
213862,2023-04-27 13:30:54
213863,2023-04-27 13:30:55
213864,2023-04-27 13:30:57
213865,2023-04-27 13:30:58
213866,2023-04-27 13:30:59
213867,2023-04-27 13:31:00
213868,2023-04-27 13:31:01
213869,2023-04-27 13:31:02
213870,2023-04-27 13:31:03
213871,2023-04-27 13:31:05
213872,2023-04-27 13:31:06
213873,2023-04-27 13:31:07
213874,2023-04-27 13:31:08
213875,2023-04-27 13:31:09
213876,2023-04-27 13:31:10
213877,2023-04-27 13:31:11
213878,2023-04-27 13:31:12
213879,2023-04-27 13:31:14
213880,2023-04-27 13:31:15
213881,2023-04-27 13:31:16
213882,2023-04-27 13:31:17
213883,2023-04-27 13:31:18
213884,2023-04-27 13:31:19
213885,2023-04-27 13:31:20
213886,2023-04-27 13:31:22
213887,2023-04-27 13:31:23
213888,2023-04-27 13:31:24
213889,2023-04-27 13:31:25
213890,2023-04-27 13:31:26
213891,2023-04-27 13:31:27
213892,2023-04-27 13:31:28
213893,2023-04-27 13:31:29
213894,2023-04-27 13:31:31
213895,2023-04-27 13:31:32
213896,2023-04-27 13:31:33
213897,2023-04-27 13:31:34
213898,2023-04-27 13:31:35
213899,2023-04-27 13:31:36
213900,2023-04-27 13:31:37
213901,2023-04-27 13:31:38
213902,2023-04-27 13:31:40
213903,2023-04-27 13:31:41
213904,2023-04-27 13:31:42
213905,2023-04-27 13:31:43
213906,2023-04-27 13:31:44
213907,2023-04-27 13:31:45
213908,2023-04-27 13:31:46
213909,2023-04-27 13:31:48
213910,2023-04-27 13:31:49
213911,2023-04-27 13:31:50
213912,2023-04-27 13:31:51
213913,2023-04-27 13:31:52
213914,2023-04-27 13:31:53
213915,2023-04-27 13:31:54
213916,2023-04-27 13:31:55
213917,2023-04-27 13:31:57
213918,2023-04-27 13:31:58
213919,2023-04-27 13:31:59
213920,2023-04-27 13:32:00
213921,2023-04-27 13:32:01
213922,2023-04-27 13:32:02
213923,2023-04-27 13:32:03
213924,2023-04-27 13:32:04
213925,2023-04-27 13:32:06
213926,2023-04-27 13:32:07
213927,2023-04-27 13:32:08
213928,2023-04-27 13:32:09
213929,2023-04-27 13:32:10
213930,2023-04-27 13:32:11
213931,2023-04-27 13:32:12
213932,2023-04-27 13:32:14
213933,2023-04-27 13:32:15
213934,2023-04-27 13:32:16
213935,2023-04-27 13:32:17
213936,2023-04-27 13:32:18
213937,2023-04-27 13:32:19
213938,2023-04-27 13:32:20
213939,2023-04-27 13:32:21
213940,2023-04-27 13:32:23
213941,2023-04-27 13:32:24
213942,2023-04-27 13:32:25
213943,2023-04-27 13:32:26
213944,2023-04-27 13:32:27
213945,2023-04-27 13:32:28
213946,2023-04-27 13:32:29
213947,2023-04-27 13:32:30
213948,2023-04-27 13:32:32
213949,2023-04-27 13:32:33
213950,2023-04-27 13:32:34
213951,2023-04-27 13:32:35
213952,2023-04-27 13:32:36
213953,2023-04-27 13:32:37
213954,2023-04-27 13:32:38
213955,2023-04-27 13:32:40
213956,2023-04-27 13:32:41
213957,2023-04-27 13:32:42
213958,2023-04-27 13:32:43
213959,2023-04-27 13:32:44
213960,2023-04-27 13:32:45
213961,2023-04-27 13:32:46
213962,2023-04-27 13:32:47
213963,2023-04-27 13:32:49
213964,2023-04-27 13:32:50
213965,2023-04-27 13:32:51
213966,2023-04-27 13:32:52
213967,2023-04-27 13:32:53
213968,2023-04-27 13:32:54
213969,2023-04-27 13:32:55
213970,2023-04-27 13:32:57
213971,2023-04-27 13:32:58
213972,2023-04-27 13:32:59
213973,2023-04-27 13:33:00
213974,2023-04-27 13:33:01
213975,2023-04-27 13:33:02
213976,2023-04-27 13:33:03
213977,2023-04-27 13:33:04
213978,2023-04-27 13:33:06
213979,2023-04-27 13:33:07
213980,2023-04-27 13:33:08
213981,2023-04-27 13:33:09
213982,2023-04-27 13:33:10
213983,2023-04-27 13:33:11
213984,2023-04-27 13:33:12
213985,2023-04-27 13:33:13
213986,2023-04-27 13:33:15
213987,2023-04-27 13:33:16
213988,2023-04-27 13:33:17
213989,2023-04-27 13:33:18
213990,2023-04-27 13:33:19
213991,2023-04-27 13:33:20
213992,2023-04-27 13:33:21
213993,2023-04-27 13:33:23
213994,2023-04-27 13:33:24
213995,2023-04-27 13:33:25
213996,2023-04-27 13:33:26
213997,2023-04-27 13:33:27
213998,2023-04-27 13:33:28
213999,2023-04-27 13:33:29
214000,2023-04-27 13:33:30
214001,2023-04-27 13:33:32
214002,2023-04-27 13:33:33
214003,2023-04-27 13:33:34
214004,2023-04-27 13:33:35
214005,2023-04-27 13:33:36
214006,2023-04-27 13:33:37
214007,2023-04-27 13:33:38
214008,2023-04-27 13:33:39
214009,2023-04-27 13:33:41
214010,2023-04-27 13:33:42
214011,2023-04-27 13:33:43
214012,2023-04-27 13:33:44
214013,2023-04-27 13:33:45
214014,2023-04-27 13:33:46
214015,2023-04-27 13:33:47
214016,2023-04-27 13:33:49
214017,2023-04-27 13:33:50
214018,2023-04-27 13:33:51
214019,2023-04-27 13:33:52
214020,2023-04-27 13:33:53
214021,2023-04-27 13:33:54
214022,2023-04-27 13:33:55
214023,2023-04-27 13:33:56
214024,2023-04-27 13:33:58
214025,2023-04-27 13:33:59
214026,2023-04-27 13:34:00
214027,2023-04-27 13:34:01
214028,2023-04-27 13:34:02
214029,2023-04-27 13:34:03
214030,2023-04-27 13:34:04
214031,2023-04-27 13:34:06
214032,2023-04-27 13:34:07
214033,2023-04-27 13:34:08
214034,2023-04-27 13:34:09
214035,2023-04-27 13:34:10
214036,2023-04-27 13:34:11
214037,2023-04-27 13:34:12
214038,2023-04-27 13:34:13
214039,2023-04-27 13:34:15
214040,2023-04-27 13:34:16
214041,2023-04-27 13:34:17
214042,2023-04-27 13:34:18
214043,2023-04-27 13:34:19
214044,2023-04-27 13:34:20
214045,2023-04-27 13:34:21
214046,2023-04-27 13:34:22
214047,2023-04-27 13:34:24
214048,2023-04-27 13:34:25
214049,2023-04-27 13:34:26
214050,2023-04-27 13:34:27
214051,2023-04-27 13:34:28
214052,2023-04-27 13:34:29
214053,2023-04-27 13:34:30
214054,2023-04-27 13:34:32
214055,2023-04-27 13:34:33
214056,2023-04-27 13:34:34
214057,2023-04-27 13:34:35
214058,2023-04-27 13:34:36
214059,2023-04-27 13:34:37
214060,2023-04-27 13:34:38
214061,2023-04-27 13:34:39
214062,2023-04-27 13:34:41
214063,2023-04-27 13:34:42
214064,2023-04-27 13:34:43
214065,2023-04-27 13:34:44
214066,2023-04-27 13:34:45
214067,2023-04-27 13:34:46
214068,2023-04-27 13:34:47
214069,2023-04-27 13:34:48
214070,2023-04-27 13:34:50
214071,2023-04-27 13:34:51
214072,2023-04-27 13:34:52
214073,2023-04-27 13:34:53
214074,2023-04-27 13:34:54
214075,2023-04-27 13:34:55
214076,2023-04-27 13:34:56
214077,2023-04-27 13:34:58
214078,2023-04-27 13:34:59
214079,2023-04-27 13:35:00
214080,2023-04-27 13:35:01
214081,2023-04-27 13:35:02
214082,2023-04-27 13:35:03
214083,2023-04-27 13:35:04
214084,2023-04-27 13:35:05
214085,2023-04-27 13:35:07
214086,2023-04-27 13:35:08
214087,2023-04-27 13:35:09
214088,2023-04-27 13:35:10
214089,2023-04-27 13:35:11
214090,2023-04-27 13:35:12
214091,2023-04-27 13:35:13
214092,2023-04-27 13:35:14
214093,2023-04-27 13:35:16
214094,2023-04-27 13:35:17
214095,2023-04-27 13:35:18
214096,2023-04-27 13:35:19
214097,2023-04-27 13:35:20
214098,2023-04-27 13:35:21
214099,2023-04-27 13:35:22
214100,2023-04-27 13:35:24
214101,2023-04-27 13:35:25
214102,2023-04-27 13:35:26
214103,2023-04-27 13:35:27
214104,2023-04-27 13:35:28
214105,2023-04-27 13:35:29
214106,2023-04-27 13:35:30
214107,2023-04-27 13:35:31
214108,2023-04-27 13:35:33
214109,2023-04-27 13:35:34
214110,2023-04-27 13:35:35
214111,2023-04-27 13:35:36
214112,2023-04-27 13:35:37
214113,2023-04-27 13:35:38
214114,2023-04-27 13:35:39
214115,2023-04-27 13:35:41
214116,2023-04-27 13:35:42
214117,2023-04-27 13:35:43
214118,2023-04-27 13:35:44
214119,2023-04-27 13:35:45
214120,2023-04-27 13:35:46
214121,2023-04-27 13:35:47
214122,2023-04-27 13:35:48
214123,2023-04-27 13:35:50
214124,2023-04-27 13:35:51
214125,2023-04-27 13:35:52
214126,2023-04-27 13:35:53
214127,2023-04-27 13:35:54
214128,2023-04-27 13:35:55
214129,2023-04-27 13:35:56
214130,2023-04-27 13:35:57
214131,2023-04-27 13:35:59
214132,2023-04-27 13:36:00
214133,2023-04-27 13:36:01
214134,2023-04-27 13:36:02
214135,2023-04-27 13:36:03
214136,2023-04-27 13:36:04
214137,2023-04-27 13:36:05
214138,2023-04-27 13:36:07
214139,2023-04-27 13:36:08
214140,2023-04-27 13:36:09
214141,2023-04-27 13:36:10
214142,2023-04-27 13:36:11
214143,2023-04-27 13:36:12
214144,2023-04-27 13:36:13
214145,2023-04-27 13:36:14
214146,2023-04-27 13:36:16
214147,2023-04-27 13:36:17
214148,2023-04-27 13:36:18
214149,2023-04-27 13:36:19
214150,2023-04-27 13:36:20
214151,2023-04-27 13:36:21
214152,2023-04-27 13:36:22
214153,2023-04-27 13:36:23
214154,2023-04-27 13:36:25
214155,2023-04-27 13:36:26
214156,2023-04-27 13:36:27
214157,2023-04-27 13:36:28
214158,2023-04-27 13:36:29
214159,2023-04-27 13:36:30
214160,2023-04-27 13:36:31
214161,2023-04-27 13:36:33
214162,2023-04-27 13:36:34
214163,2023-04-27 13:36:35
214164,2023-04-27 13:36:36
214165,2023-04-27 13:36:37
214166,2023-04-27 13:36:38
214167,2023-04-27 13:36:39
214168,2023-04-27 13:36:40
214169,2023-04-27 13:36:42
214170,2023-04-27 13:36:43
214171,2023-04-27 13:36:44
214172,2023-04-27 13:36:45
214173,2023-04-27 13:36:46
214174,2023-04-27 13:36:47
214175,2023-04-27 13:36:48
214176,2023-04-27 13:36:49
214177,2023-04-27 13:36:51
214178,2023-04-27 13:36:52
214179,2023-04-27 13:36:53
214180,2023-04-27 13:36:54
214181,2023-04-27 13:36:55
214182,2023-04-27 13:36:56
214183,2023-04-27 13:36:57
214184,2023-04-27 13:36:59
214185,2023-04-27 13:37:00
214186,2023-04-27 13:37:01
214187,2023-04-27 13:37:02
214188,2023-04-27 13:37:03
214189,2023-04-27 13:37:04
214190,2023-04-27 13:37:05
214191,2023-04-27 13:37:06
214192,2023-04-27 13:37:08
214193,2023-04-27 13:37:09
214194,2023-04-27 13:37:10
214195,2023-04-27 13:37:11
214196,2023-04-27 13:37:12
214197,2023-04-27 13:37:13
214198,2023-04-27 13:37:14
214199,2023-04-27 13:37:16
214200,2023-04-27 13:37:17
214201,2023-04-27 13:37:18
214202,2023-04-27 13:37:19
214203,2023-04-27 13:37:20
214204,2023-04-27 13:37:21
214205,2023-04-27 13:37:22
214206,2023-04-27 13:37:23
214207,2023-04-27 13:37:25
214208,2023-04-27 13:37:26
214209,2023-04-27 13:37:27
214210,2023-04-27 13:37:28
214211,2023-04-27 13:37:29
214212,2023-04-27 13:37:30
214213,2023-04-27 13:37:31
214214,2023-04-27 13:37:32
214215,2023-04-27 13:37:34
214216,2023-04-27 13:37:35
214217,2023-04-27 13:37:36
214218,2023-04-27 13:37:37
214219,2023-04-27 13:37:38
214220,2023-04-27 13:37:39
214221,2023-04-27 13:37:40
214222,2023-04-27 13:37:42
214223,2023-04-27 13:37:43
214224,2023-04-27 13:37:44
214225,2023-04-27 13:37:45
214226,2023-04-27 13:37:46
214227,2023-04-27 13:37:47
214228,2023-04-27 13:37:48
214229,2023-04-27 13:37:49
214230,2023-04-27 13:37:51
214231,2023-04-27 13:37:52
214232,2023-04-27 13:37:53
214233,2023-04-27 13:37:54
214234,2023-04-27 13:37:55
214235,2023-04-27 13:37:56
214236,2023-04-27 13:37:57
214237,2023-04-27 13:37:58
214238,2023-04-27 13:38:00
214239,2023-04-27 13:38:01
214240,2023-04-27 13:38:02
214241,2023-04-27 13:38:03
214242,2023-04-27 13:38:04
214243,2023-04-27 13:38:05
214244,2023-04-27 13:38:06
214245,2023-04-27 13:38:08
214246,2023-04-27 13:38:09
214247,2023-04-27 13:38:10
214248,2023-04-27 13:38:11
214249,2023-04-27 13:38:12
214250,2023-04-27 13:38:13
214251,2023-04-27 13:38:14
214252,2023-04-27 13:38:15
214253,2023-04-27 13:38:17
214254,2023-04-27 13:38:18
214255,2023-04-27 13:38:19
214256,2023-04-27 13:38:20
214257,2023-04-27 13:38:21
214258,2023-04-27 13:38:22
214259,2023-04-27 13:38:23
214260,2023-04-27 13:38:24
214261,2023-04-27 13:38:26
214262,2023-04-27 13:38:27
214263,2023-04-27 13:38:28
214264,2023-04-27 13:38:29
214265,2023-04-27 13:38:30
214266,2023-04-27 13:38:31
214267,2023-04-27 13:38:32
214268,2023-04-27 13:38:34
214269,2023-04-27 13:38:35
214270,2023-04-27 13:38:36
214271,2023-04-27 13:38:37
214272,2023-04-27 13:38:38
214273,2023-04-27 13:38:39
214274,2023-04-27 13:38:40
214275,2023-04-27 13:38:41
214276,2023-04-27 13:38:43
214277,2023-04-27 13:38:44
214278,2023-04-27 13:38:45
214279,2023-04-27 13:38:46
214280,2023-04-27 13:38:47
214281,2023-04-27 13:38:48
214282,2023-04-27 13:38:49
214283,2023-04-27 13:38:51
214284,2023-04-27 13:38:52
214285,2023-04-27 13:38:53
214286,2023-04-27 13:38:54
214287,2023-04-27 13:38:55
214288,2023-04-27 13:38:56
214289,2023-04-27 13:38:57
214290,2023-04-27 13:38:58
214291,2023-04-27 13:39:00
214292,2023-04-27 13:39:01
214293,2023-04-27 13:39:02
214294,2023-04-27 13:39:03
214295,2023-04-27 13:39:04
214296,2023-04-27 13:39:05
214297,2023-04-27 13:39:06
214298,2023-04-27 13:39:07
214299,2023-04-27 13:39:09
214300,2023-04-27 13:39:10
214301,2023-04-27 13:39:11
214302,2023-04-27 13:39:12
214303,2023-04-27 13:39:13
214304,2023-04-27 13:39:14
214305,2023-04-27 13:39:15
214306,2023-04-27 13:39:17
214307,2023-04-27 13:39:18
214308,2023-04-27 13:39:19
214309,2023-04-27 13:39:20
214310,2023-04-27 13:39:21
214311,2023-04-27 13:39:22
214312,2023-04-27 13:39:23
214313,2023-04-27 13:39:24
214314,2023-04-27 13:39:26
214315,2023-04-27 13:39:27
214316,2023-04-27 13:39:28
214317,2023-04-27 13:39:29
214318,2023-04-27 13:39:30
214319,2023-04-27 13:39:31
214320,2023-04-27 13:39:32
214321,2023-04-27 13:39:33
214322,2023-04-27 13:39:35
214323,2023-04-27 13:39:36
214324,2023-04-27 13:39:37
214325,2023-04-27 13:39:38
214326,2023-04-27 13:39:39
214327,2023-04-27 13:39:40
214328,2023-04-27 13:39:41
214329,2023-04-27 13:39:43
214330,2023-04-27 13:39:44
214331,2023-04-27 13:39:45
214332,2023-04-27 13:39:46
214333,2023-04-27 13:39:47
214334,2023-04-27 13:39:48
214335,2023-04-27 13:39:49
214336,2023-04-27 13:39:50
214337,2023-04-27 13:39:52
214338,2023-04-27 13:39:53
214339,2023-04-27 13:39:54
214340,2023-04-27 13:39:55
214341,2023-04-27 13:39:56
214342,2023-04-27 13:39:57
214343,2023-04-27 13:39:58
214344,2023-04-27 13:39:59
214345,2023-04-27 13:40:01
214346,2023-04-27 13:40:02
214347,2023-04-27 13:40:03
214348,2023-04-27 13:40:04
214349,2023-04-27 13:40:05
214350,2023-04-27 13:40:06
214351,2023-04-27 13:40:07
214352,2023-04-27 13:40:09
214353,2023-04-27 13:40:10
214354,2023-04-27 13:40:11
214355,2023-04-27 13:40:12
214356,2023-04-27 13:40:13
214357,2023-04-27 13:40:14
214358,2023-04-27 13:40:15
214359,2023-04-27 13:40:16
214360,2023-04-27 13:40:18
214361,2023-04-27 13:40:19
214362,2023-04-27 13:40:20
214363,2023-04-27 13:40:21
214364,2023-04-27 13:40:22
214365,2023-04-27 13:40:23
214366,2023-04-27 13:40:24
214367,2023-04-27 13:40:26
214368,2023-04-27 13:40:27
214369,2023-04-27 13:40:28
214370,2023-04-27 13:40:29
214371,2023-04-27 13:40:30
214372,2023-04-27 13:40:31
214373,2023-04-27 13:40:32
214374,2023-04-27 13:40:33
214375,2023-04-27 13:40:35
214376,2023-04-27 13:40:36
214377,2023-04-27 13:40:37
214378,2023-04-27 13:40:38
214379,2023-04-27 13:40:39
214380,2023-04-27 13:40:40
214381,2023-04-27 13:40:41
214382,2023-04-27 13:40:42
214383,2023-04-27 13:40:44
214384,2023-04-27 13:40:45
214385,2023-04-27 13:40:46
214386,2023-04-27 13:40:47
214387,2023-04-27 13:40:48
214388,2023-04-27 13:40:49
214389,2023-04-27 13:40:50
214390,2023-04-27 13:40:52
214391,2023-04-27 13:40:53
214392,2023-04-27 13:40:54
214393,2023-04-27 13:40:55
214394,2023-04-27 13:40:56
214395,2023-04-27 13:40:57
214396,2023-04-27 13:40:58
214397,2023-04-27 13:40:59
214398,2023-04-27 13:41:01
214399,2023-04-27 13:41:02
214400,2023-04-27 13:41:03
214401,2023-04-27 13:41:04
214402,2023-04-27 13:41:05
214403,2023-04-27 13:41:06
214404,2023-04-27 13:41:07
214405,2023-04-27 13:41:08
214406,2023-04-27 13:41:10
214407,2023-04-27 13:41:11
214408,2023-04-27 13:41:12
214409,2023-04-27 13:41:13
214410,2023-04-27 13:41:14
214411,2023-04-27 13:41:15
214412,2023-04-27 13:41:16
214413,2023-04-27 13:41:18
214414,2023-04-27 13:41:19
214415,2023-04-27 13:41:20
214416,2023-04-27 13:41:21
214417,2023-04-27 13:41:22
214418,2023-04-27 13:41:23
214419,2023-04-27 13:41:24
214420,2023-04-27 13:41:25
214421,2023-04-27 13:41:27
214422,2023-04-27 13:41:28
214423,2023-04-27 13:41:29
214424,2023-04-27 13:41:30
214425,2023-04-27 13:41:31
214426,2023-04-27 13:41:32
214427,2023-04-27 13:41:33
214428,2023-04-27 13:41:34
214429,2023-04-27 13:41:36
214430,2023-04-27 13:41:37
214431,2023-04-27 13:41:38
214432,2023-04-27 13:41:39
214433,2023-04-27 13:41:40
214434,2023-04-27 13:41:41
214435,2023-04-27 13:41:42
214436,2023-04-27 13:41:44
214437,2023-04-27 13:41:45
214438,2023-04-27 13:41:46
214439,2023-04-27 13:41:47
214440,2023-04-27 13:41:48
214441,2023-04-27 13:41:49
214442,2023-04-27 13:41:50
214443,2023-04-27 13:41:51
214444,2023-04-27 13:41:53
214445,2023-04-27 13:41:54
214446,2023-04-27 13:41:55
214447,2023-04-27 13:41:56
214448,2023-04-27 13:41:57
214449,2023-04-27 13:41:58
214450,2023-04-27 13:41:59
214451,2023-04-27 13:42:01
214452,2023-04-27 13:42:02
214453,2023-04-27 13:42:03
214454,2023-04-27 13:42:04
214455,2023-04-27 13:42:05
214456,2023-04-27 13:42:06
214457,2023-04-27 13:42:07
214458,2023-04-27 13:42:08
214459,2023-04-27 13:42:10
214460,2023-04-27 13:42:11
214461,2023-04-27 13:42:12
214462,2023-04-27 13:42:13
214463,2023-04-27 13:42:14
214464,2023-04-27 13:42:15
214465,2023-04-27 13:42:16
214466,2023-04-27 13:42:17
214467,2023-04-27 13:42:19
214468,2023-04-27 13:42:20
214469,2023-04-27 13:42:21
214470,2023-04-27 13:42:22
214471,2023-04-27 13:42:23
214472,2023-04-27 13:42:24
214473,2023-04-27 13:42:25
214474,2023-04-27 13:42:27
214475,2023-04-27 13:42:28
214476,2023-04-27 13:42:29
214477,2023-04-27 13:42:30
214478,2023-04-27 13:42:31
214479,2023-04-27 13:42:32
214480,2023-04-27 13:42:33
214481,2023-04-27 13:42:34
214482,2023-04-27 13:42:36
214483,2023-04-27 13:42:37
214484,2023-04-27 13:42:38
214485,2023-04-27 13:42:39
214486,2023-04-27 13:42:40
214487,2023-04-27 13:42:41
214488,2023-04-27 13:42:42
214489,2023-04-27 13:42:43
214490,2023-04-27 13:42:45
214491,2023-04-27 13:42:46
214492,2023-04-27 13:42:47
214493,2023-04-27 13:42:48
214494,2023-04-27 13:42:49
214495,2023-04-27 13:42:50
214496,2023-04-27 13:42:51
214497,2023-04-27 13:42:53
214498,2023-04-27 13:42:54
214499,2023-04-27 13:42:55
214500,2023-04-27 13:42:56
214501,2023-04-27 13:42:57
214502,2023-04-27 13:42:58
214503,2023-04-27 13:42:59
214504,2023-04-27 13:43:00
214505,2023-04-27 13:43:02
214506,2023-04-27 13:43:03
214507,2023-04-27 13:43:04
214508,2023-04-27 13:43:05
214509,2023-04-27 13:43:06
214510,2023-04-27 13:43:07
214511,2023-04-27 13:43:08
214512,2023-04-27 13:43:09
214513,2023-04-27 13:43:11
214514,2023-04-27 13:43:12
214515,2023-04-27 13:43:13
214516,2023-04-27 13:43:14
214517,2023-04-27 13:43:15
214518,2023-04-27 13:43:16
214519,2023-04-27 13:43:17
214520,2023-04-27 13:43:19
214521,2023-04-27 13:43:20
214522,2023-04-27 13:43:21
214523,2023-04-27 13:43:22
214524,2023-04-27 13:43:23
214525,2023-04-27 13:43:24
214526,2023-04-27 13:43:25
214527,2023-04-27 13:43:26
214528,2023-04-27 13:43:28
214529,2023-04-27 13:43:29
214530,2023-04-27 13:43:30
214531,2023-04-27 13:43:31
214532,2023-04-27 13:43:32
214533,2023-04-27 13:43:33
214534,2023-04-27 13:43:34
214535,2023-04-27 13:43:36
214536,2023-04-27 13:43:37
214537,2023-04-27 13:43:38
214538,2023-04-27 13:43:39
214539,2023-04-27 13:43:40
214540,2023-04-27 13:43:41
214541,2023-04-27 13:43:42
214542,2023-04-27 13:43:43
214543,2023-04-27 13:43:45
214544,2023-04-27 13:43:46
214545,2023-04-27 13:43:47
214546,2023-04-27 13:43:48
214547,2023-04-27 13:43:49
214548,2023-04-27 13:43:50
214549,2023-04-27 13:43:51
214550,2023-04-27 13:43:52
214551,2023-04-27 13:43:54
214552,2023-04-27 13:43:55
214553,2023-04-27 13:43:56
214554,2023-04-27 13:43:57
214555,2023-04-27 13:43:58
214556,2023-04-27 13:43:59
214557,2023-04-27 13:44:00
214558,2023-04-27 13:44:02
214559,2023-04-27 13:44:03
214560,2023-04-27 13:44:04
214561,2023-04-27 13:44:05
214562,2023-04-27 13:44:06
214563,2023-04-27 13:44:07
214564,2023-04-27 13:44:08
214565,2023-04-27 13:44:09
214566,2023-04-27 13:44:11
214567,2023-04-27 13:44:12
214568,2023-04-27 13:44:13
214569,2023-04-27 13:44:14
214570,2023-04-27 13:44:15
214571,2023-04-27 13:44:16
214572,2023-04-27 13:44:17
214573,2023-04-27 13:44:18
214574,2023-04-27 13:44:20
214575,2023-04-27 13:44:21
214576,2023-04-27 13:44:22
214577,2023-04-27 13:44:23
214578,2023-04-27 13:44:24
214579,2023-04-27 13:44:25
214580,2023-04-27 13:44:26
214581,2023-04-27 13:44:28
214582,2023-04-27 13:44:29
214583,2023-04-27 13:44:30
214584,2023-04-27 13:44:31
214585,2023-04-27 13:44:32
214586,2023-04-27 13:44:33
214587,2023-04-27 13:44:34
214588,2023-04-27 13:44:35
214589,2023-04-27 13:44:37
214590,2023-04-27 13:44:38
214591,2023-04-27 13:44:39
214592,2023-04-27 13:44:40
214593,2023-04-27 13:44:41
214594,2023-04-27 13:44:42
214595,2023-04-27 13:44:43
214596,2023-04-27 13:44:44
214597,2023-04-27 13:44:46
214598,2023-04-27 13:44:47
214599,2023-04-27 13:44:48
214600,2023-04-27 13:44:49
214601,2023-04-27 13:44:50
214602,2023-04-27 13:44:51
214603,2023-04-27 13:44:52
214604,2023-04-27 13:44:54
214605,2023-04-27 13:44:55
214606,2023-04-27 13:44:56
214607,2023-04-27 13:44:57
214608,2023-04-27 13:44:58
214609,2023-04-27 13:44:59
214610,2023-04-27 13:45:00
214611,2023-04-27 13:45:01
214612,2023-04-27 13:45:03
214613,2023-04-27 13:45:04
214614,2023-04-27 13:45:05
214615,2023-04-27 13:45:06
214616,2023-04-27 13:45:07
214617,2023-04-27 13:45:08
214618,2023-04-27 13:45:09
214619,2023-04-27 13:45:11
214620,2023-04-27 13:45:12
214621,2023-04-27 13:45:13
214622,2023-04-27 13:45:14
214623,2023-04-27 13:45:15
214624,2023-04-27 13:45:16
214625,2023-04-27 13:45:17
214626,2023-04-27 13:45:18
214627,2023-04-27 13:45:20
214628,2023-04-27 13:45:21
214629,2023-04-27 13:45:22
214630,2023-04-27 13:45:23
214631,2023-04-27 13:45:24
214632,2023-04-27 13:45:25
214633,2023-04-27 13:45:26
214634,2023-04-27 13:45:27
214635,2023-04-27 13:45:29
214636,2023-04-27 13:45:30
214637,2023-04-27 13:45:31
214638,2023-04-27 13:45:32
214639,2023-04-27 13:45:33
214640,2023-04-27 13:45:34
214641,2023-04-27 13:45:35
214642,2023-04-27 13:45:37
214643,2023-04-27 13:45:38
214644,2023-04-27 13:45:39
214645,2023-04-27 13:45:40
214646,2023-04-27 13:45:41
214647,2023-04-27 13:45:42
214648,2023-04-27 13:45:43
214649,2023-04-27 13:45:44
214650,2023-04-27 13:45:46
214651,2023-04-27 13:45:47
214652,2023-04-27 13:45:48
214653,2023-04-27 13:45:49
214654,2023-04-27 13:45:50
214655,2023-04-27 13:45:51
214656,2023-04-27 13:45:52
214657,2023-04-27 13:45:53
214658,2023-04-27 13:45:55
214659,2023-04-27 13:45:56
214660,2023-04-27 13:45:57
214661,2023-04-27 13:45:58
214662,2023-04-27 13:45:59
214663,2023-04-27 13:46:00
214664,2023-04-27 13:46:01
214665,2023-04-27 13:46:03
214666,2023-04-27 13:46:04
214667,2023-04-27 13:46:05
214668,2023-04-27 13:46:06
214669,2023-04-27 13:46:07
214670,2023-04-27 13:46:08
214671,2023-04-27 13:46:09
214672,2023-04-27 13:46:10
214673,2023-04-27 13:46:12
214674,2023-04-27 13:46:13
214675,2023-04-27 13:46:14
214676,2023-04-27 13:46:15
214677,2023-04-27 13:46:16
214678,2023-04-27 13:46:17
214679,2023-04-27 13:46:18
214680,2023-04-27 13:46:19
214681,2023-04-27 13:46:21
214682,2023-04-27 13:46:22
214683,2023-04-27 13:46:23
214684,2023-04-27 13:46:24
214685,2023-04-27 13:46:25
214686,2023-04-27 13:46:26
214687,2023-04-27 13:46:27
214688,2023-04-27 13:46:29
214689,2023-04-27 13:46:30
214690,2023-04-27 13:46:31
214691,2023-04-27 13:46:32
214692,2023-04-27 13:46:33
214693,2023-04-27 13:46:34
214694,2023-04-27 13:46:35
214695,2023-04-27 13:46:36
214696,2023-04-27 13:46:38
214697,2023-04-27 13:46:39
214698,2023-04-27 13:46:40
214699,2023-04-27 13:46:41
214700,2023-04-27 13:46:42
214701,2023-04-27 13:46:43
214702,2023-04-27 13:46:44
214703,2023-04-27 13:46:46
214704,2023-04-27 13:46:47
214705,2023-04-27 13:46:48
214706,2023-04-27 13:46:49
214707,2023-04-27 13:46:50
214708,2023-04-27 13:46:51
214709,2023-04-27 13:46:52
214710,2023-04-27 13:46:53
214711,2023-04-27 13:46:55
214712,2023-04-27 13:46:56
214713,2023-04-27 13:46:57
214714,2023-04-27 13:46:58
214715,2023-04-27 13:46:59
214716,2023-04-27 13:47:00
214717,2023-04-27 13:47:01
214718,2023-04-27 13:47:02
214719,2023-04-27 13:47:04
214720,2023-04-27 13:47:05
214721,2023-04-27 13:47:06
214722,2023-04-27 13:47:07
214723,2023-04-27 13:47:08
214724,2023-04-27 13:47:09
214725,2023-04-27 13:47:10
214726,2023-04-27 13:47:12
214727,2023-04-27 13:47:13
214728,2023-04-27 13:47:14
214729,2023-04-27 13:47:15
214730,2023-04-27 13:47:16
214731,2023-04-27 13:47:17
214732,2023-04-27 13:47:18
214733,2023-04-27 13:47:19
214734,2023-04-27 13:47:21
214735,2023-04-27 13:47:22
214736,2023-04-27 13:47:23
214737,2023-04-27 13:47:24
214738,2023-04-27 13:47:25
214739,2023-04-27 13:47:26
214740,2023-04-27 13:47:27
214741,2023-04-27 13:47:28
214742,2023-04-27 13:47:30
214743,2023-04-27 13:47:31
214744,2023-04-27 13:47:32
214745,2023-04-27 13:47:33
214746,2023-04-27 13:47:34
214747,2023-04-27 13:47:35
214748,2023-04-27 13:47:36
214749,2023-04-27 13:47:38
214750,2023-04-27 13:47:39
214751,2023-04-27 13:47:40
214752,2023-04-27 13:47:41
214753,2023-04-27 13:47:42
214754,2023-04-27 13:47:43
214755,2023-04-27 13:47:44
214756,2023-04-27 13:47:45
214757,2023-04-27 13:47:47
214758,2023-04-27 13:47:48
214759,2023-04-27 13:47:49
214760,2023-04-27 13:47:50
214761,2023-04-27 13:47:51
214762,2023-04-27 13:47:52
214763,2023-04-27 13:47:53
214764,2023-04-27 13:47:54
214765,2023-04-27 13:47:56
214766,2023-04-27 13:47:57
214767,2023-04-27 13:47:58
214768,2023-04-27 13:47:59
214769,2023-04-27 13:48:00
214770,2023-04-27 13:48:01
214771,2023-04-27 13:48:02
214772,2023-04-27 13:48:04
214773,2023-04-27 13:48:05
214774,2023-04-27 13:48:06
214775,2023-04-27 13:48:07
214776,2023-04-27 13:48:08
214777,2023-04-27 13:48:09
214778,2023-04-27 13:48:10
214779,2023-04-27 13:48:11
214780,2023-04-27 13:48:13
214781,2023-04-27 13:48:14
214782,2023-04-27 13:48:15
214783,2023-04-27 13:48:16
214784,2023-04-27 13:48:17
214785,2023-04-27 13:48:18
214786,2023-04-27 13:48:19
214787,2023-04-27 13:48:21
214788,2023-04-27 13:48:22
214789,2023-04-27 13:48:23
214790,2023-04-27 13:48:24
214791,2023-04-27 13:48:25
214792,2023-04-27 13:48:26
214793,2023-04-27 13:48:27
214794,2023-04-27 13:48:28
214795,2023-04-27 13:48:30
214796,2023-04-27 13:48:31
214797,2023-04-27 13:48:32
214798,2023-04-27 13:48:33
214799,2023-04-27 13:48:34
214800,2023-04-27 13:48:35
214801,2023-04-27 13:48:36
214802,2023-04-27 13:48:37
214803,2023-04-27 13:48:39
214804,2023-04-27 13:48:40
214805,2023-04-27 13:48:41
214806,2023-04-27 13:48:42
214807,2023-04-27 13:48:43
214808,2023-04-27 13:48:44
214809,2023-04-27 13:48:45
214810,2023-04-27 13:48:47
214811,2023-04-27 13:48:48
214812,2023-04-27 13:48:49
214813,2023-04-27 13:48:50
214814,2023-04-27 13:48:51
214815,2023-04-27 13:48:52
214816,2023-04-27 13:48:53
214817,2023-04-27 13:48:54
214818,2023-04-27 13:48:56
214819,2023-04-27 13:48:57
214820,2023-04-27 13:48:58
214821,2023-04-27 13:48:59
214822,2023-04-27 13:49:00
214823,2023-04-27 13:49:01
214824,2023-04-27 13:49:02
214825,2023-04-27 13:49:03
214826,2023-04-27 13:49:05
214827,2023-04-27 13:49:06
214828,2023-04-27 13:49:07
214829,2023-04-27 13:49:08
214830,2023-04-27 13:49:09
214831,2023-04-27 13:49:10
214832,2023-04-27 13:49:11
214833,2023-04-27 13:49:13
214834,2023-04-27 13:49:14
214835,2023-04-27 13:49:15
214836,2023-04-27 13:49:16
214837,2023-04-27 13:49:17
214838,2023-04-27 13:49:18
214839,2023-04-27 13:49:19
214840,2023-04-27 13:49:20
214841,2023-04-27 13:49:22
214842,2023-04-27 13:49:23
214843,2023-04-27 13:49:24
214844,2023-04-27 13:49:25
214845,2023-04-27 13:49:26
214846,2023-04-27 13:49:27
214847,2023-04-27 13:49:28
214848,2023-04-27 13:49:29
214849,2023-04-27 13:49:31
214850,2023-04-27 13:49:32
214851,2023-04-27 13:49:33
214852,2023-04-27 13:49:34
214853,2023-04-27 13:49:35
214854,2023-04-27 13:49:36
214855,2023-04-27 13:49:37
214856,2023-04-27 13:49:39
214857,2023-04-27 13:49:40
214858,2023-04-27 13:49:41
214859,2023-04-27 13:49:42
214860,2023-04-27 13:49:43
214861,2023-04-27 13:49:44
214862,2023-04-27 13:49:45
214863,2023-04-27 13:49:46
214864,2023-04-27 13:49:48
214865,2023-04-27 13:49:49
214866,2023-04-27 13:49:50
214867,2023-04-27 13:49:51
214868,2023-04-27 13:49:52
214869,2023-04-27 13:49:53
214870,2023-04-27 13:49:54
214871,2023-04-27 13:49:56
214872,2023-04-27 13:49:57
214873,2023-04-27 13:49:58
214874,2023-04-27 13:49:59
214875,2023-04-27 13:50:00
214876,2023-04-27 13:50:01
214877,2023-04-27 13:50:02
214878,2023-04-27 13:50:03
214879,2023-04-27 13:50:05
214880,2023-04-27 13:50:06
214881,2023-04-27 13:50:07
214882,2023-04-27 13:50:08
214883,2023-04-27 13:50:09
214884,2023-04-27 13:50:10
214885,2023-04-27 13:50:11
214886,2023-04-27 13:50:12
214887,2023-04-27 13:50:14
214888,2023-04-27 13:50:15
214889,2023-04-27 13:50:16
214890,2023-04-27 13:50:17
214891,2023-04-27 13:50:18
214892,2023-04-27 13:50:19
214893,2023-04-27 13:50:20
214894,2023-04-27 13:50:22
214895,2023-04-27 13:50:23
214896,2023-04-27 13:50:24
214897,2023-04-27 13:50:25
214898,2023-04-27 13:50:26
214899,2023-04-27 13:50:27
214900,2023-04-27 13:50:28
214901,2023-04-27 13:50:29
214902,2023-04-27 13:50:31
214903,2023-04-27 13:50:32
214904,2023-04-27 13:50:33
214905,2023-04-27 13:50:34
214906,2023-04-27 13:50:35
214907,2023-04-27 13:50:36
214908,2023-04-27 13:50:37
214909,2023-04-27 13:50:38
214910,2023-04-27 13:50:40
214911,2023-04-27 13:50:41
214912,2023-04-27 13:50:42
214913,2023-04-27 13:50:43
214914,2023-04-27 13:50:44
214915,2023-04-27 13:50:45
214916,2023-04-27 13:50:46
214917,2023-04-27 13:50:48
214918,2023-04-27 13:50:49
214919,2023-04-27 13:50:50
214920,2023-04-27 13:50:51
214921,2023-04-27 13:50:52
214922,2023-04-27 13:50:53
214923,2023-04-27 13:50:54
214924,2023-04-27 13:50:55
214925,2023-04-27 13:50:57
214926,2023-04-27 13:50:58
214927,2023-04-27 13:50:59
214928,2023-04-27 13:51:00
214929,2023-04-27 13:51:01
214930,2023-04-27 13:51:02
214931,2023-04-27 13:51:03
214932,2023-04-27 13:51:04
214933,2023-04-27 13:51:06
214934,2023-04-27 13:51:07
214935,2023-04-27 13:51:08
214936,2023-04-27 13:51:09
214937,2023-04-27 13:51:10
214938,2023-04-27 13:51:11
214939,2023-04-27 13:51:12
214940,2023-04-27 13:51:14
214941,2023-04-27 13:51:15
214942,2023-04-27 13:51:16
214943,2023-04-27 13:51:17
214944,2023-04-27 13:51:18
214945,2023-04-27 13:51:19
214946,2023-04-27 13:51:20
214947,2023-04-27 13:51:21
214948,2023-04-27 13:51:23
214949,2023-04-27 13:51:24
214950,2023-04-27 13:51:25
214951,2023-04-27 13:51:26
214952,2023-04-27 13:51:27
214953,2023-04-27 13:51:28
214954,2023-04-27 13:51:29
214955,2023-04-27 13:51:31
214956,2023-04-27 13:51:32
214957,2023-04-27 13:51:33
214958,2023-04-27 13:51:34
214959,2023-04-27 13:51:35
214960,2023-04-27 13:51:36
214961,2023-04-27 13:51:37
214962,2023-04-27 13:51:38
214963,2023-04-27 13:51:40
214964,2023-04-27 13:51:41
214965,2023-04-27 13:51:42
214966,2023-04-27 13:51:43
214967,2023-04-27 13:51:44
214968,2023-04-27 13:51:45
214969,2023-04-27 13:51:46
214970,2023-04-27 13:51:47
214971,2023-04-27 13:51:49
214972,2023-04-27 13:51:50
214973,2023-04-27 13:51:51
214974,2023-04-27 13:51:52
214975,2023-04-27 13:51:53
214976,2023-04-27 13:51:54
214977,2023-04-27 13:51:55
214978,2023-04-27 13:51:57
214979,2023-04-27 13:51:58
214980,2023-04-27 13:51:59
214981,2023-04-27 13:52:00
214982,2023-04-27 13:52:01
214983,2023-04-27 13:52:02
214984,2023-04-27 13:52:03
214985,2023-04-27 13:52:04
214986,2023-04-27 13:52:06
214987,2023-04-27 13:52:07
214988,2023-04-27 13:52:08
214989,2023-04-27 13:52:09
214990,2023-04-27 13:52:10
214991,2023-04-27 13:52:11
214992,2023-04-27 13:52:12
214993,2023-04-27 13:52:13
214994,2023-04-27 13:52:15
214995,2023-04-27 13:52:16
214996,2023-04-27 13:52:17
214997,2023-04-27 13:52:18
214998,2023-04-27 13:52:19
214999,2023-04-27 13:52:20
215000,2023-04-27 13:52:21
215001,2023-04-27 13:52:23
215002,2023-04-27 13:52:24
215003,2023-04-27 13:52:25
215004,2023-04-27 13:52:26
215005,2023-04-27 13:52:27
215006,2023-04-27 13:52:28
215007,2023-04-27 13:52:29
215008,2023-04-27 13:52:30
215009,2023-04-27 13:52:32
215010,2023-04-27 13:52:33
215011,2023-04-27 13:52:34
215012,2023-04-27 13:52:35
215013,2023-04-27 13:52:36
215014,2023-04-27 13:52:37
215015,2023-04-27 13:52:38
215016,2023-04-27 13:52:39
215017,2023-04-27 13:52:41
215018,2023-04-27 13:52:42
215019,2023-04-27 13:52:43
215020,2023-04-27 13:52:44
215021,2023-04-27 13:52:45
215022,2023-04-27 13:52:46
215023,2023-04-27 13:52:47
215024,2023-04-27 13:52:49
215025,2023-04-27 13:52:50
215026,2023-04-27 13:52:51
215027,2023-04-27 13:52:52
215028,2023-04-27 13:52:53
215029,2023-04-27 13:52:54
215030,2023-04-27 13:52:55
215031,2023-04-27 13:52:56
215032,2023-04-27 13:52:58
215033,2023-04-27 13:52:59
215034,2023-04-27 13:53:00
215035,2023-04-27 13:53:01
215036,2023-04-27 13:53:02
215037,2023-04-27 13:53:03
215038,2023-04-27 13:53:04
215039,2023-04-27 13:53:06
215040,2023-04-27 13:53:07
215041,2023-04-27 13:53:08
215042,2023-04-27 13:53:09
215043,2023-04-27 13:53:10
215044,2023-04-27 13:53:11
215045,2023-04-27 13:53:12
215046,2023-04-27 13:53:13
215047,2023-04-27 13:53:15
215048,2023-04-27 13:53:16
215049,2023-04-27 13:53:17
215050,2023-04-27 13:53:18
215051,2023-04-27 13:53:19
215052,2023-04-27 13:53:20
215053,2023-04-27 13:53:21
215054,2023-04-27 13:53:22
215055,2023-04-27 13:53:24
215056,2023-04-27 13:53:25
215057,2023-04-27 13:53:26
215058,2023-04-27 13:53:27
215059,2023-04-27 13:53:28
215060,2023-04-27 13:53:29
215061,2023-04-27 13:53:30
215062,2023-04-27 13:53:32
215063,2023-04-27 13:53:33
215064,2023-04-27 13:53:34
215065,2023-04-27 13:53:35
215066,2023-04-27 13:53:36
215067,2023-04-27 13:53:37
215068,2023-04-27 13:53:38
215069,2023-04-27 13:53:39
215070,2023-04-27 13:53:41
215071,2023-04-27 13:53:42
215072,2023-04-27 13:53:43
215073,2023-04-27 13:53:44
215074,2023-04-27 13:53:45
215075,2023-04-27 13:53:46
215076,2023-04-27 13:53:47
215077,2023-04-27 13:53:48
215078,2023-04-27 13:53:50
215079,2023-04-27 13:53:51
215080,2023-04-27 13:53:52
215081,2023-04-27 13:53:53
215082,2023-04-27 13:53:54
215083,2023-04-27 13:53:55
215084,2023-04-27 13:53:56
215085,2023-04-27 13:53:58
215086,2023-04-27 13:53:59
215087,2023-04-27 13:54:00
215088,2023-04-27 13:54:01
215089,2023-04-27 13:54:02
215090,2023-04-27 13:54:03
215091,2023-04-27 13:54:04
215092,2023-04-27 13:54:05
215093,2023-04-27 13:54:07
215094,2023-04-27 13:54:08
215095,2023-04-27 13:54:09
215096,2023-04-27 13:54:10
215097,2023-04-27 13:54:11
215098,2023-04-27 13:54:12
215099,2023-04-27 13:54:13
215100,2023-04-27 13:54:14
215101,2023-04-27 13:54:16
215102,2023-04-27 13:54:17
215103,2023-04-27 13:54:18
215104,2023-04-27 13:54:19
215105,2023-04-27 13:54:20
215106,2023-04-27 13:54:21
215107,2023-04-27 13:54:22
215108,2023-04-27 13:54:24
215109,2023-04-27 13:54:25
215110,2023-04-27 13:54:26
215111,2023-04-27 13:54:27
215112,2023-04-27 13:54:28
215113,2023-04-27 13:54:29
215114,2023-04-27 13:54:30
215115,2023-04-27 13:54:31
215116,2023-04-27 13:54:33
215117,2023-04-27 13:54:34
215118,2023-04-27 13:54:35
215119,2023-04-27 13:54:36
215120,2023-04-27 13:54:37
215121,2023-04-27 13:54:38
215122,2023-04-27 13:54:39
215123,2023-04-27 13:54:41
215124,2023-04-27 13:54:42
215125,2023-04-27 13:54:43
215126,2023-04-27 13:54:44
215127,2023-04-27 13:54:45
215128,2023-04-27 13:54:46
215129,2023-04-27 13:54:47
215130,2023-04-27 13:54:48
215131,2023-04-27 13:54:50
215132,2023-04-27 13:54:51
215133,2023-04-27 13:54:52
215134,2023-04-27 13:54:53
215135,2023-04-27 13:54:54
215136,2023-04-27 13:54:55
215137,2023-04-27 13:54:56
215138,2023-04-27 13:54:57
215139,2023-04-27 13:54:59
215140,2023-04-27 13:55:00
215141,2023-04-27 13:55:01
215142,2023-04-27 13:55:02
215143,2023-04-27 13:55:03
215144,2023-04-27 13:55:04
215145,2023-04-27 13:55:05
215146,2023-04-27 13:55:07
215147,2023-04-27 13:55:08
215148,2023-04-27 13:55:09
215149,2023-04-27 13:55:10
215150,2023-04-27 13:55:11
215151,2023-04-27 13:55:12
215152,2023-04-27 13:55:13
215153,2023-04-27 13:55:14
215154,2023-04-27 13:55:16
215155,2023-04-27 13:55:17
215156,2023-04-27 13:55:18
215157,2023-04-27 13:55:19
215158,2023-04-27 13:55:20
215159,2023-04-27 13:55:21
215160,2023-04-27 13:55:22
215161,2023-04-27 13:55:23
215162,2023-04-27 13:55:25
215163,2023-04-27 13:55:26
215164,2023-04-27 13:55:27
215165,2023-04-27 13:55:28
215166,2023-04-27 13:55:29
215167,2023-04-27 13:55:30
215168,2023-04-27 13:55:31
215169,2023-04-27 13:55:33
215170,2023-04-27 13:55:34
215171,2023-04-27 13:55:35
215172,2023-04-27 13:55:36
215173,2023-04-27 13:55:37
215174,2023-04-27 13:55:38
215175,2023-04-27 13:55:39
215176,2023-04-27 13:55:40
215177,2023-04-27 13:55:42
215178,2023-04-27 13:55:43
215179,2023-04-27 13:55:44
215180,2023-04-27 13:55:45
215181,2023-04-27 13:55:46
215182,2023-04-27 13:55:47
215183,2023-04-27 13:55:48
215184,2023-04-27 13:55:49
215185,2023-04-27 13:55:51
215186,2023-04-27 13:55:52
215187,2023-04-27 13:55:53
215188,2023-04-27 13:55:54
215189,2023-04-27 13:55:55
215190,2023-04-27 13:55:56
215191,2023-04-27 13:55:57
215192,2023-04-27 13:55:59
215193,2023-04-27 13:56:00
215194,2023-04-27 13:56:01
215195,2023-04-27 13:56:02
215196,2023-04-27 13:56:03
215197,2023-04-27 13:56:04
215198,2023-04-27 13:56:05
215199,2023-04-27 13:56:06
215200,2023-04-27 13:56:08
215201,2023-04-27 13:56:09
215202,2023-04-27 13:56:10
215203,2023-04-27 13:56:11
215204,2023-04-27 13:56:12
215205,2023-04-27 13:56:13
215206,2023-04-27 13:56:14
215207,2023-04-27 13:56:16
215208,2023-04-27 13:56:17
215209,2023-04-27 13:56:18
215210,2023-04-27 13:56:19
215211,2023-04-27 13:56:20
215212,2023-04-27 13:56:21
215213,2023-04-27 13:56:22
215214,2023-04-27 13:56:23
215215,2023-04-27 13:56:25
215216,2023-04-27 13:56:26
215217,2023-04-27 13:56:27
215218,2023-04-27 13:56:28
215219,2023-04-27 13:56:29
215220,2023-04-27 13:56:30
215221,2023-04-27 13:56:31
215222,2023-04-27 13:56:32
215223,2023-04-27 13:56:34
215224,2023-04-27 13:56:35
215225,2023-04-27 13:56:36
215226,2023-04-27 13:56:37
215227,2023-04-27 13:56:38
215228,2023-04-27 13:56:39
215229,2023-04-27 13:56:40
215230,2023-04-27 13:56:42
215231,2023-04-27 13:56:43
215232,2023-04-27 13:56:44
215233,2023-04-27 13:56:45
215234,2023-04-27 13:56:46
215235,2023-04-27 13:56:47
215236,2023-04-27 13:56:48
215237,2023-04-27 13:56:49
215238,2023-04-27 13:56:51
215239,2023-04-27 13:56:52
215240,2023-04-27 13:56:53
215241,2023-04-27 13:56:54
215242,2023-04-27 13:56:55
215243,2023-04-27 13:56:56
215244,2023-04-27 13:56:57
215245,2023-04-27 13:56:58
215246,2023-04-27 13:57:00
215247,2023-04-27 13:57:01
215248,2023-04-27 13:57:02
215249,2023-04-27 13:57:03
215250,2023-04-27 13:57:04
215251,2023-04-27 13:57:05
215252,2023-04-27 13:57:06
215253,2023-04-27 13:57:08
215254,2023-04-27 13:57:09
215255,2023-04-27 13:57:10
215256,2023-04-27 13:57:11
215257,2023-04-27 13:57:12
215258,2023-04-27 13:57:13
215259,2023-04-27 13:57:14
215260,2023-04-27 13:57:15
215261,2023-04-27 13:57:17
215262,2023-04-27 13:57:18
215263,2023-04-27 13:57:19
215264,2023-04-27 13:57:20
215265,2023-04-27 13:57:21
215266,2023-04-27 13:57:22
215267,2023-04-27 13:57:23
215268,2023-04-27 13:57:24
215269,2023-04-27 13:57:26
215270,2023-04-27 13:57:27
215271,2023-04-27 13:57:28
215272,2023-04-27 13:57:29
215273,2023-04-27 13:57:30
215274,2023-04-27 13:57:31
215275,2023-04-27 13:57:32
215276,2023-04-27 13:57:34
215277,2023-04-27 13:57:35
215278,2023-04-27 13:57:36
215279,2023-04-27 13:57:37
215280,2023-04-27 13:57:38
215281,2023-04-27 13:57:39
215282,2023-04-27 13:57:40
215283,2023-04-27 13:57:41
215284,2023-04-27 13:57:43
215285,2023-04-27 13:57:44
215286,2023-04-27 13:57:45
215287,2023-04-27 13:57:46
215288,2023-04-27 13:57:47
215289,2023-04-27 13:57:48
215290,2023-04-27 13:57:49
215291,2023-04-27 13:57:51
215292,2023-04-27 13:57:52
215293,2023-04-27 13:57:53
215294,2023-04-27 13:57:54
215295,2023-04-27 13:57:55
215296,2023-04-27 13:57:56
215297,2023-04-27 13:57:57
215298,2023-04-27 13:57:58
215299,2023-04-27 13:58:00
215300,2023-04-27 13:58:01
215301,2023-04-27 13:58:02
215302,2023-04-27 13:58:03
215303,2023-04-27 13:58:04
215304,2023-04-27 13:58:05
215305,2023-04-27 13:58:06
215306,2023-04-27 13:58:07
215307,2023-04-27 13:58:09
215308,2023-04-27 13:58:10
215309,2023-04-27 13:58:11
215310,2023-04-27 13:58:12
215311,2023-04-27 13:58:13
215312,2023-04-27 13:58:14
215313,2023-04-27 13:58:15
215314,2023-04-27 13:58:17
215315,2023-04-27 13:58:18
215316,2023-04-27 13:58:19
215317,2023-04-27 13:58:20
215318,2023-04-27 13:58:21
215319,2023-04-27 13:58:22
215320,2023-04-27 13:58:23
215321,2023-04-27 13:58:24
215322,2023-04-27 13:58:26
215323,2023-04-27 13:58:27
215324,2023-04-27 13:58:28
215325,2023-04-27 13:58:29
215326,2023-04-27 13:58:30
215327,2023-04-27 13:58:31
215328,2023-04-27 13:58:32
215329,2023-04-27 13:58:33
215330,2023-04-27 13:58:35
215331,2023-04-27 13:58:36
215332,2023-04-27 13:58:37
215333,2023-04-27 13:58:38
215334,2023-04-27 13:58:39
215335,2023-04-27 13:58:40
215336,2023-04-27 13:58:41
215337,2023-04-27 13:58:43
215338,2023-04-27 13:58:44
215339,2023-04-27 13:58:45
215340,2023-04-27 13:58:46
215341,2023-04-27 13:58:47
215342,2023-04-27 13:58:48
215343,2023-04-27 13:58:49
215344,2023-04-27 13:58:50
215345,2023-04-27 13:58:52
215346,2023-04-27 13:58:53
215347,2023-04-27 13:58:54
215348,2023-04-27 13:58:55
215349,2023-04-27 13:58:56
215350,2023-04-27 13:58:57
215351,2023-04-27 13:58:58
215352,2023-04-27 13:58:59
215353,2023-04-27 13:59:01
